CREATE DATABASE  IF NOT EXISTS `bus_booking_system` /*!40100 DEFAULT CHARACTER SET utf8mb4 COLLATE utf8mb4_0900_ai_ci */ /*!80016 DEFAULT ENCRYPTION='N' */;
USE `bus_booking_system`;
-- MySQL dump 10.13  Distrib 8.0.34, for Win64 (x86_64)
--
-- Host: localhost    Database: bus_booking_system
-- ------------------------------------------------------
-- Server version	8.0.34

/*!40101 SET @OLD_CHARACTER_SET_CLIENT=@@CHARACTER_SET_CLIENT */;
/*!40101 SET @OLD_CHARACTER_SET_RESULTS=@@CHARACTER_SET_RESULTS */;
/*!40101 SET @OLD_COLLATION_CONNECTION=@@COLLATION_CONNECTION */;
/*!50503 SET NAMES utf8 */;
/*!40103 SET @OLD_TIME_ZONE=@@TIME_ZONE */;
/*!40103 SET TIME_ZONE='+00:00' */;
/*!40014 SET @OLD_UNIQUE_CHECKS=@@UNIQUE_CHECKS, UNIQUE_CHECKS=0 */;
/*!40014 SET @OLD_FOREIGN_KEY_CHECKS=@@FOREIGN_KEY_CHECKS, FOREIGN_KEY_CHECKS=0 */;
/*!40101 SET @OLD_SQL_MODE=@@SQL_MODE, SQL_MODE='NO_AUTO_VALUE_ON_ZERO' */;
/*!40111 SET @OLD_SQL_NOTES=@@SQL_NOTES, SQL_NOTES=0 */;

--
-- Table structure for table `admins`
--

DROP TABLE IF EXISTS `admins`;
/*!40101 SET @saved_cs_client     = @@character_set_client */;
/*!50503 SET character_set_client = utf8mb4 */;
CREATE TABLE `admins` (
  `admin_id` int NOT NULL AUTO_INCREMENT,
  `username` varchar(100) NOT NULL,
  `password` varchar(255) NOT NULL,
  `full_name` varchar(100) NOT NULL,
  `email` varchar(100) NOT NULL,
  `phone` varchar(20) DEFAULT NULL,
  `gender` enum('Male','Female','Other') DEFAULT 'Other',
  `dob` date DEFAULT NULL,
  `date_of_join` date DEFAULT NULL,
  `position` varchar(100) DEFAULT NULL,
  `created_at` timestamp NULL DEFAULT CURRENT_TIMESTAMP,
  PRIMARY KEY (`admin_id`),
  UNIQUE KEY `username` (`username`),
  UNIQUE KEY `email` (`email`)
) ENGINE=InnoDB AUTO_INCREMENT=2 DEFAULT CHARSET=utf8mb4 COLLATE=utf8mb4_0900_ai_ci;
/*!40101 SET character_set_client = @saved_cs_client */;

--
-- Dumping data for table `admins`
--

LOCK TABLES `admins` WRITE;
/*!40000 ALTER TABLE `admins` DISABLE KEYS */;
INSERT INTO `admins` VALUES (1,'admin1','admin123','John Doe','johndoe@gmail.com','9908162376','Male','1985-06-15','2025-08-28','Manager','2025-08-28 17:43:57');
/*!40000 ALTER TABLE `admins` ENABLE KEYS */;
UNLOCK TABLES;

--
-- Table structure for table `booking_passengers`
--

DROP TABLE IF EXISTS `booking_passengers`;
/*!40101 SET @saved_cs_client     = @@character_set_client */;
/*!50503 SET character_set_client = utf8mb4 */;
CREATE TABLE `booking_passengers` (
  `passenger_id` int NOT NULL AUTO_INCREMENT,
  `booking_id` int NOT NULL,
  `seat_number` varchar(10) NOT NULL,
  `name` varchar(100) NOT NULL,
  `gender` enum('Male','Female','Other') NOT NULL,
  `age` int NOT NULL,
  `phone` varchar(15) DEFAULT NULL,
  PRIMARY KEY (`passenger_id`),
  KEY `booking_id` (`booking_id`),
  CONSTRAINT `booking_passengers_ibfk_1` FOREIGN KEY (`booking_id`) REFERENCES `bookings` (`booking_id`)
) ENGINE=InnoDB AUTO_INCREMENT=4 DEFAULT CHARSET=utf8mb4 COLLATE=utf8mb4_0900_ai_ci;
/*!40101 SET character_set_client = @saved_cs_client */;

--
-- Dumping data for table `booking_passengers`
--

LOCK TABLES `booking_passengers` WRITE;
/*!40000 ALTER TABLE `booking_passengers` DISABLE KEYS */;
INSERT INTO `booking_passengers` VALUES (2,4,'S14','ramana','Male',25,'9752341234'),(3,5,'S14','narayana','Male',25,'9752341236');
/*!40000 ALTER TABLE `booking_passengers` ENABLE KEYS */;
UNLOCK TABLES;

--
-- Table structure for table `bookings`
--

DROP TABLE IF EXISTS `bookings`;
/*!40101 SET @saved_cs_client     = @@character_set_client */;
/*!50503 SET character_set_client = utf8mb4 */;
CREATE TABLE `bookings` (
  `booking_id` int NOT NULL AUTO_INCREMENT,
  `user_id` int NOT NULL,
  `schedule_id` int NOT NULL,
  `schedule_seat_id` int NOT NULL,
  `booking_date` datetime DEFAULT CURRENT_TIMESTAMP,
  `status` enum('Booked','Cancelled','Completed') DEFAULT 'Booked',
  `payment_status` enum('Pending','Paid','Refunded') DEFAULT 'Pending',
  PRIMARY KEY (`booking_id`),
  KEY `user_id` (`user_id`),
  KEY `schedule_id` (`schedule_id`),
  KEY `schedule_seat_id` (`schedule_seat_id`),
  CONSTRAINT `bookings_ibfk_1` FOREIGN KEY (`user_id`) REFERENCES `users` (`user_id`),
  CONSTRAINT `bookings_ibfk_2` FOREIGN KEY (`schedule_id`) REFERENCES `schedules` (`schedule_id`),
  CONSTRAINT `bookings_ibfk_3` FOREIGN KEY (`schedule_seat_id`) REFERENCES `schedule_seats` (`schedule_seat_id`)
) ENGINE=InnoDB AUTO_INCREMENT=6 DEFAULT CHARSET=utf8mb4 COLLATE=utf8mb4_0900_ai_ci;
/*!40101 SET character_set_client = @saved_cs_client */;

--
-- Dumping data for table `bookings`
--

LOCK TABLES `bookings` WRITE;
/*!40000 ALTER TABLE `bookings` DISABLE KEYS */;
INSERT INTO `bookings` VALUES (4,1,181,2,'2025-08-29 17:09:02','Booked','Pending'),(5,1,181,2,'2025-08-29 17:26:01','Booked','Paid');
/*!40000 ALTER TABLE `bookings` ENABLE KEYS */;
UNLOCK TABLES;

--
-- Table structure for table `buses`
--

DROP TABLE IF EXISTS `buses`;
/*!40101 SET @saved_cs_client     = @@character_set_client */;
/*!50503 SET character_set_client = utf8mb4 */;
CREATE TABLE `buses` (
  `bus_id` int NOT NULL AUTO_INCREMENT,
  `bus_number` varchar(50) NOT NULL,
  `bus_type` enum('AC Sleeper','AC Seater','Non-AC Seater','Volvo','Luxury') NOT NULL,
  `capacity` int NOT NULL,
  `operator_id` int NOT NULL,
  PRIMARY KEY (`bus_id`),
  UNIQUE KEY `bus_number` (`bus_number`),
  KEY `operator_id` (`operator_id`),
  CONSTRAINT `buses_ibfk_1` FOREIGN KEY (`operator_id`) REFERENCES `operators` (`operator_id`)
) ENGINE=InnoDB AUTO_INCREMENT=172 DEFAULT CHARSET=utf8mb4 COLLATE=utf8mb4_0900_ai_ci;
/*!40101 SET character_set_client = @saved_cs_client */;

--
-- Dumping data for table `buses`
--

LOCK TABLES `buses` WRITE;
/*!40000 ALTER TABLE `buses` DISABLE KEYS */;
INSERT INTO `buses` VALUES (72,'KA01VR1001','Volvo',48,1),(75,'KA01VR1004','Luxury',36,1),(76,'KA01VR1005','Non-AC Seater',55,1),(77,'KA01VR1006','Volvo',50,1),(78,'KA01VR1007','AC Sleeper',42,1),(79,'KA01VR1008','AC Seater',50,1),(80,'KA01VR1009','Volvo',49,1),(81,'KA01VR1010','AC Sleeper',40,1),(82,'KA02KS2001','AC Seater',50,2),(83,'KA02KS2002','Non-AC Seater',55,2),(84,'KA02KS2003','Volvo',49,2),(85,'KA02KS2004','Luxury',38,2),(86,'KA02KS2005','AC Sleeper',40,2),(87,'KA02KS2006','AC Seater',52,2),(88,'KA02KS2007','Volvo',48,2),(89,'KA02KS2008','Non-AC Seater',56,2),(90,'KA02KS2009','AC Seater',50,2),(91,'KA02KS2010','AC Sleeper',42,2),(92,'MH01OR3001','AC Sleeper',40,3),(93,'MH01OR3002','AC Seater',50,3),(94,'MH01OR3003','Luxury',36,3),(95,'MH01OR3004','Non-AC Seater',55,3),(96,'MH01OR3005','Volvo',48,3),(97,'MH01OR3006','AC Sleeper',42,3),(98,'MH01OR3007','AC Seater',52,3),(99,'MH01OR3008','Volvo',50,3),(100,'MH01OR3009','AC Seater',51,3),(101,'MH01OR3010','AC Sleeper',40,3),(102,'KA03SR4001','Volvo',50,4),(103,'KA03SR4002','AC Sleeper',40,4),(104,'KA03SR4003','Non-AC Seater',55,4),(105,'KA03SR4004','Luxury',36,4),(106,'KA03SR4005','AC Seater',50,4),(107,'KA03SR4006','Volvo',49,4),(108,'KA03SR4007','AC Sleeper',42,4),(109,'KA03SR4008','AC Seater',52,4),(110,'KA03SR4009','Volvo',48,4),(111,'KA03SR4010','Non-AC Seater',56,4),(112,'TN01KP5001','AC Seater',52,5),(113,'TN01KP5002','AC Sleeper',40,5),(114,'TN01KP5003','Volvo',50,5),(115,'TN01KP5004','Luxury',36,5),(116,'TN01KP5005','Non-AC Seater',55,5),(117,'TN01KP5006','AC Sleeper',42,5),(118,'TN01KP5007','AC Seater',50,5),(119,'TN01KP5008','Volvo',49,5),(120,'TN01KP5009','AC Sleeper',40,5),(121,'TN01KP5010','AC Seater',51,5),(122,'TN02AB6001','Volvo',48,6),(123,'TN02AB6002','AC Sleeper',40,6),(124,'TN02AB6003','AC Seater',52,6),(125,'TN02AB6004','Luxury',36,6),(126,'TN02AB6005','Non-AC Seater',55,6),(127,'TN02AB6006','Volvo',50,6),(128,'TN02AB6007','AC Sleeper',42,6),(129,'TN02AB6008','AC Seater',50,6),(130,'TN02AB6009','Volvo',49,6),(131,'TN02AB6010','AC Sleeper',40,6),(132,'TN03PV7001','AC Seater',50,7),(133,'TN03PV7002','AC Sleeper',40,7),(134,'TN03PV7003','Volvo',48,7),(135,'TN03PV7004','Luxury',36,7),(136,'TN03PV7005','Non-AC Seater',55,7),(137,'TN03PV7006','AC Seater',52,7),(138,'TN03PV7007','AC Sleeper',42,7),(139,'TN03PV7008','Volvo',50,7),(140,'TN03PV7009','AC Seater',51,7),(141,'TN03PV7010','AC Sleeper',40,7),(142,'MH02NT8001','Volvo',50,8),(143,'MH02NT8002','AC Sleeper',40,8),(144,'MH02NT8003','AC Seater',52,8),(145,'MH02NT8004','Luxury',36,8),(146,'MH02NT8005','Non-AC Seater',55,8),(147,'MH02NT8006','Volvo',48,8),(148,'MH02NT8007','AC Sleeper',42,8),(149,'MH02NT8008','AC Seater',50,8),(150,'MH02NT8009','Volvo',49,8),(151,'MH02NT8010','AC Sleeper',40,8),(152,'KA04GL9001','AC Seater',50,9),(153,'KA04GL9002','AC Sleeper',40,9),(155,'KA04GL9004','Luxury',36,9),(156,'KA04GL9005','Non-AC Seater',55,9),(157,'KA04GL9006','AC Seater',52,9),(158,'KA04GL9007','Volvo',50,9),(159,'KA04GL9008','AC Sleeper',42,9),(160,'KA04GL9009','AC Seater',51,9),(161,'KA04GL9010','Volvo',49,9),(162,'KA05NT1001','AC Sleeper',40,10),(163,'KA05NT1002','AC Seater',50,10),(164,'KA05NT1003','Volvo',48,10),(165,'KA05NT1004','Luxury',36,10),(166,'KA05NT1005','Non-AC Seater',55,10),(167,'KA05NT1006','AC Seater',52,10),(168,'KA05NT1007','Volvo',50,10),(169,'KA05NT1008','AC Sleeper',42,10),(170,'KA05NT1009','AC Seater',51,10),(171,'KA05NT1010','Volvo',49,10);
/*!40000 ALTER TABLE `buses` ENABLE KEYS */;
UNLOCK TABLES;

--
-- Table structure for table `cities`
--

DROP TABLE IF EXISTS `cities`;
/*!40101 SET @saved_cs_client     = @@character_set_client */;
/*!50503 SET character_set_client = utf8mb4 */;
CREATE TABLE `cities` (
  `city_id` int NOT NULL AUTO_INCREMENT,
  `city_name` varchar(100) NOT NULL,
  `state` varchar(100) DEFAULT NULL,
  `country` varchar(100) DEFAULT 'India',
  PRIMARY KEY (`city_id`)
) ENGINE=InnoDB AUTO_INCREMENT=102 DEFAULT CHARSET=utf8mb4 COLLATE=utf8mb4_0900_ai_ci;
/*!40101 SET character_set_client = @saved_cs_client */;

--
-- Dumping data for table `cities`
--

LOCK TABLES `cities` WRITE;
/*!40000 ALTER TABLE `cities` DISABLE KEYS */;
INSERT INTO `cities` VALUES (1,'Mumbai','Maharashtra','India'),(2,'Delhi','Delhi','India'),(3,'Bengaluru','Karnataka','India'),(4,'Hyderabad','Telangana','India'),(5,'Ahmedabad','Gujarat','India'),(6,'Chennai','Tamil Nadu','India'),(7,'Kolkata','West Bengal','India'),(8,'Surat','Gujarat','India'),(9,'Pune','Maharashtra','India'),(10,'Jaipur','Rajasthan','India'),(11,'Lucknow','Uttar Pradesh','India'),(12,'Kanpur','Uttar Pradesh','India'),(13,'Nagpur','Maharashtra','India'),(14,'Indore','Madhya Pradesh','India'),(15,'Thane','Maharashtra','India'),(16,'Bhopal','Madhya Pradesh','India'),(17,'Visakhapatnam','Andhra Pradesh','India'),(18,'Patna','Bihar','India'),(19,'Vadodara','Gujarat','India'),(20,'Ghaziabad','Uttar Pradesh','India'),(21,'Ludhiana','Punjab','India'),(22,'Agra','Uttar Pradesh','India'),(23,'Nashik','Maharashtra','India'),(24,'Faridabad','Haryana','India'),(25,'Meerut','Uttar Pradesh','India'),(26,'Rajkot','Gujarat','India'),(27,'Varanasi','Uttar Pradesh','India'),(28,'Srinagar','Jammu and Kashmir','India'),(29,'Aurangabad','Maharashtra','India'),(30,'Dhanbad','Jharkhand','India'),(31,'Amritsar','Punjab','India'),(32,'Allahabad (Prayagraj)','Uttar Pradesh','India'),(33,'Ranchi','Jharkhand','India'),(34,'Howrah','West Bengal','India'),(35,'Coimbatore','Tamil Nadu','India'),(36,'Jabalpur','Madhya Pradesh','India'),(37,'Gwalior','Madhya Pradesh','India'),(38,'Vijayawada','Andhra Pradesh','India'),(39,'Madurai','Tamil Nadu','India'),(40,'Raipur','Chhattisgarh','India'),(41,'Kota','Rajasthan','India'),(42,'Chandigarh','Chandigarh','India'),(43,'Guwahati','Assam','India'),(44,'Solapur','Maharashtra','India'),(45,'Hubli-Dharwad','Karnataka','India'),(46,'Bareilly','Uttar Pradesh','India'),(47,'Moradabad','Uttar Pradesh','India'),(48,'Mysuru (Mysore)','Karnataka','India'),(49,'Gurgaon (Gurugram)','Haryana','India'),(50,'Aligarh','Uttar Pradesh','India'),(51,'Jalandhar','Punjab','India'),(52,'Tiruchirappalli','Tamil Nadu','India'),(53,'Bhubaneswar','Odisha','India'),(54,'Salem','Tamil Nadu','India'),(55,'Warangal','Telangana','India'),(56,'Guntur','Andhra Pradesh','India'),(57,'Bhiwandi','Maharashtra','India'),(58,'Saharanpur','Uttar Pradesh','India'),(59,'Gorakhpur','Uttar Pradesh','India'),(60,'Bikaner','Rajasthan','India'),(61,'Amravati','Maharashtra','India'),(62,'Noida','Uttar Pradesh','India'),(63,'Jamshedpur','Jharkhand','India'),(64,'Bhavnagar','Gujarat','India'),(65,'Cuttack','Odisha','India'),(66,'Firozabad','Uttar Pradesh','India'),(67,'Kochi','Kerala','India'),(68,'Thiruvananthapuram','Kerala','India'),(69,'Dehradun','Uttarakhand','India'),(70,'Jodhpur','Rajasthan','India'),(71,'Udaipur','Rajasthan','India'),(72,'Ajmer','Rajasthan','India'),(73,'Mangalore','Karnataka','India'),(74,'Belgaum','Karnataka','India'),(75,'Durgapur','West Bengal','India'),(76,'Asansol','West Bengal','India'),(77,'Rourkela','Odisha','India'),(78,'Muzaffarpur','Bihar','India'),(79,'Gaya','Bihar','India'),(80,'Shillong','Meghalaya','India'),(81,'Imphal','Manipur','India'),(82,'Aizawl','Mizoram','India'),(83,'Kohima','Nagaland','India'),(84,'Itanagar','Arunachal Pradesh','India'),(85,'Panaji','Goa','India'),(86,'Margao','Goa','India'),(87,'Silchar','Assam','India'),(88,'Dibrugarh','Assam','India'),(89,'Agartala','Tripura','India'),(90,'Patiala','Punjab','India'),(91,'Bathinda','Punjab','India'),(92,'Haldwani','Uttarakhand','India'),(93,'Roorkee','Uttarakhand','India'),(94,'Haridwar','Uttarakhand','India'),(95,'Alwar','Rajasthan','India'),(96,'Mathura','Uttar Pradesh','India'),(97,'Jhansi','Uttar Pradesh','India'),(98,'Rewa','Madhya Pradesh','India'),(99,'Satna','Madhya Pradesh','India'),(100,'Bilaspur','Chhattisgarh','India'),(101,'Korba','Chhattisgarh','India');
/*!40000 ALTER TABLE `cities` ENABLE KEYS */;
UNLOCK TABLES;

--
-- Table structure for table `drivers`
--

DROP TABLE IF EXISTS `drivers`;
/*!40101 SET @saved_cs_client     = @@character_set_client */;
/*!50503 SET character_set_client = utf8mb4 */;
CREATE TABLE `drivers` (
  `driver_id` int NOT NULL AUTO_INCREMENT,
  `driver_name` varchar(100) NOT NULL,
  `dob` date NOT NULL,
  `joining_date` date NOT NULL,
  `phone` varchar(15) NOT NULL,
  `email` varchar(100) DEFAULT NULL,
  `address` varchar(255) DEFAULT NULL,
  `license_number` varchar(50) NOT NULL,
  `license_type` enum('LMV','HMV','Commercial','Passenger') NOT NULL,
  `license_expiry` date NOT NULL,
  `emergency_contact_name` varchar(100) DEFAULT NULL,
  `emergency_contact_phone` varchar(15) DEFAULT NULL,
  `status` enum('Active','Inactive','Suspended','Retired') DEFAULT 'Active',
  `remarks` text,
  PRIMARY KEY (`driver_id`),
  UNIQUE KEY `license_number` (`license_number`)
) ENGINE=InnoDB AUTO_INCREMENT=50 DEFAULT CHARSET=utf8mb4 COLLATE=utf8mb4_0900_ai_ci;
/*!40101 SET character_set_client = @saved_cs_client */;

--
-- Dumping data for table `drivers`
--

LOCK TABLES `drivers` WRITE;
/*!40000 ALTER TABLE `drivers` DISABLE KEYS */;
INSERT INTO `drivers` VALUES (1,'Ravi Kumar','1985-03-15','2015-06-01','9876543001','ravi.kumar@example.com','Bengaluru, Karnataka','KA01DL1234','Passenger','2028-05-30','Suresh Kumar','9876500001','Active','Experienced intercity driver'),(2,'Suresh Reddy','1980-07-21','2012-09-15','9876543002','suresh.reddy@example.com','Hyderabad, Telangana','TS09HM5678','Commercial','2026-09-01','Rajesh Reddy','9876500002','Active','Specializes in long routes'),(3,'Mahesh Babu','1987-01-10','2016-01-12','9876543003','mahesh.b@example.com','Chennai, Tamil Nadu','TN22LM9012','Passenger','2029-01-15','Anita Babu','9876500003','Active','Known for safe driving'),(4,'Ramesh Gowda','1979-11-25','2010-04-20','9876543004','ramesh.g@example.com','Mysuru, Karnataka','KA09CM3456','Commercial','2027-11-30','Gowramma','9876500004','Active','Senior driver with 15+ years experience'),(5,'Shankar Iyer','1983-05-08','2014-02-01','9876543005','shankar.iyer@example.com','Mumbai, Maharashtra','MH12PS7890','Passenger','2028-02-28','Arun Iyer','9876500005','Active','Specializes in sleeper buses'),(6,'Prakash Naik','1990-08-18','2018-07-10','9876543006','prakash.naik@example.com','Goa, India','GA05DL2468','Passenger','2030-07-01','Meena Naik','9876500006','Active','Expert in coastal routes'),(7,'Vinod Patil','1986-02-14','2013-10-05','9876543007','vinod.patil@example.com','Pune, Maharashtra','MH14HM1357','Commercial','2029-10-15','Sunita Patil','9876500007','Active','Handles luxury coaches'),(8,'Harish Shetty','1984-12-02','2011-08-20','9876543008','harish.shetty@example.com','Mangalore, Karnataka','KA19CM8642','Commercial','2027-08-25','Kavitha Shetty','9876500008','Active','Excellent hill-route driver'),(9,'Karthik Rao','1992-09-30','2020-03-01','9876543009','karthik.rao@example.com','Delhi, India','DL01PS3691','Passenger','2031-03-01','Deepa Rao','9876500009','Active','Young but skilled in city & intercity'),(10,'Anil Singh','1981-06-05','2009-11-01','9876543010','anil.singh@example.com','Jaipur, Rajasthan','RJ14DL7530','Commercial','2026-11-30','Ramesh Singh','9876500010','Active','Highly rated long-distance driver'),(11,'Pawan Sharma','1988-04-14','2017-05-20','9876543011','pawan.sharma@example.com','Lucknow, UP','UP32HM1122','Passenger','2030-06-15','Sunil Sharma','9876500011','Active','Polite and punctual'),(12,'Ajay Mehta','1982-02-22','2011-07-18','9876543012','ajay.mehta@example.com','Ahmedabad, Gujarat','GJ01DL2244','Commercial','2027-07-30','Vikram Mehta','9876500012','Active','Trusted by many operators'),(13,'Santosh Verma','1985-12-01','2013-04-11','9876543013','santosh.verma@example.com','Bhopal, MP','MP09CM5566','Passenger','2029-12-20','Neha Verma','9876500013','Active','Specialist in central India routes'),(14,'Rajeev Kapoor','1978-09-17','2008-03-15','9876543014','rajeev.kapoor@example.com','Delhi, India','DL05PS7788','Commercial','2026-03-10','Manoj Kapoor','9876500014','Active','Handles Volvo buses'),(15,'Deepak Yadav','1991-07-08','2019-09-01','9876543015','deepak.yadav@example.com','Kanpur, UP','UP78DL9900','Passenger','2030-09-25','Anil Yadav','9876500015','Active','Energetic and reliable'),(16,'Sunil Nair','1984-11-23','2012-05-05','9876543016','sunil.nair@example.com','Kochi, Kerala','KL07HM2233','Commercial','2028-05-15','Ramesh Nair','9876500016','Active','Expert on Kerala–TN routes'),(17,'Ashok Das','1987-10-19','2016-08-11','9876543017','ashok.das@example.com','Kolkata, WB','WB19PS4455','Passenger','2029-11-05','Sanjay Das','9876500017','Active','Specializes in sleeper buses'),(18,'Balaji R','1983-01-28','2014-09-14','9876543018','balaji.r@example.com','Chennai, TN','TN09DL6677','Passenger','2028-09-20','Ravi R','9876500018','Active','Handles AC sleeper buses'),(19,'Mohan Lal','1979-08-09','2010-01-30','9876543019','mohan.lal@example.com','Patna, Bihar','BR01CM8899','Commercial','2027-01-10','Rohit Lal','9876500019','Active','Known for discipline'),(20,'Arun Pillai','1986-03-13','2015-12-01','9876543020','arun.pillai@example.com','Thiruvananthapuram, Kerala','KL11PS1010','Passenger','2029-12-15','Kiran Pillai','9876500020','Active','Expert in long southern routes'),(21,'Suraj Chauhan','1985-06-05','2013-07-01','9876543021','suraj.chauhan@example.com','Shimla, HP','HP01HM1123','Commercial','2028-07-15','Pratap Chauhan','9876500021','Active','Mountain route expert'),(22,'Naresh Jain','1982-02-17','2011-03-11','9876543022','naresh.jain@example.com','Jaipur, Rajasthan','RJ19PS3344','Passenger','2027-03-20','Arvind Jain','9876500022','Active','Sleeper coach specialist'),(23,'Gopal Mishra','1988-12-24','2016-06-05','9876543023','gopal.mishra@example.com','Varanasi, UP','UP65DL5566','Commercial','2029-06-20','Sanjay Mishra','9876500023','Active','Interstate route expert'),(24,'Babu Rao','1981-04-01','2009-02-22','9876543024','babu.rao@example.com','Hyderabad, Telangana','TS11HM7788','Passenger','2026-02-28','Ramesh Rao','9876500024','Active','Luxury bus driver'),(25,'Rohit Patil','1990-10-15','2018-04-18','9876543025','rohit.patil@example.com','Kolhapur, Maharashtra','MH09PS9900','Passenger','2030-05-10','Suresh Patil','9876500025','Active','Handles long express routes'),(26,'Imran Khan','1983-11-09','2012-08-12','9876543026','imran.khan@example.com','Bhopal, MP','MP04CM1122','Commercial','2028-08-30','Khalid Khan','9876500026','Active','Intercity night routes'),(27,'Rajat Malhotra','1986-05-18','2015-11-20','9876543027','rajat.m@example.com','Delhi, India','DL08PS3344','Passenger','2029-11-01','Anjali Malhotra','9876500027','Active','Fast & safe driver'),(28,'Nitin Gupta','1984-01-25','2012-10-01','9876543028','nitin.g@example.com','Kanpur, UP','UP78DL5566','Commercial','2028-10-20','Pooja Gupta','9876500028','Active','Sleeper bus specialist'),(29,'Rajesh Thakur','1982-09-12','2011-05-15','9876543029','rajesh.t@example.com','Raipur, Chhattisgarh','CG04HM7788','Passenger','2027-06-15','Sunita Thakur','9876500029','Active','Handles interstate buses'),(30,'Lokesh Yadav','1991-07-19','2019-02-10','9876543030','lokesh.y@example.com','Gurgaon, Haryana','HR26PS9900','Passenger','2030-03-25','Manoj Yadav','9876500030','Active','Luxury coach expert'),(31,'Farhan Ali','1985-06-29','2013-01-05','9876543031','farhan.ali@example.com','Lucknow, UP','UP32CM1122','Commercial','2029-01-15','Ayesha Ali','9876500031','Active','Sleeper & seater specialist'),(32,'Ravi Shastri','1980-08-12','2008-04-30','9876543032','ravi.shastri@example.com','Nagpur, Maharashtra','MH31HM3344','Passenger','2026-04-20','Meena Shastri','9876500032','Active','Handles AC Volvo routes'),(33,'Prem Raj','1987-11-07','2016-09-01','9876543033','prem.raj@example.com','Madurai, TN','TN58DL5566','Passenger','2029-09-30','Arun Raj','9876500033','Active','Night bus expert'),(34,'Vijay Kumar','1984-05-14','2013-11-10','9876543034','vijay.k@example.com','Patna, Bihar','BR06PS7788','Commercial','2028-11-25','Ramesh Kumar','9876500034','Active','Handles rural routes'),(35,'Ashwin Nair','1989-02-27','2017-07-18','9876543035','ashwin.n@example.com','Kochi, Kerala','KL07DL9900','Passenger','2030-08-10','Vijay Nair','9876500035','Active','Coastal road expert'),(36,'Kishore Reddy','1982-06-15','2010-12-01','9876543036','kishore.r@example.com','Hyderabad, Telangana','TS08CM1122','Passenger','2027-12-20','Anil Reddy','9876500036','Active','Handles city buses'),(37,'Sathish Kumar','1986-09-09','2014-03-15','9876543037','sathish.k@example.com','Coimbatore, TN','TN38HM3344','Commercial','2029-03-05','Kumaravel','9876500037','Active','Heavy bus expert'),(38,'Raj Malhotra','1983-07-21','2011-09-09','9876543038','raj.m@example.com','Delhi, India','DL07PS5566','Passenger','2028-09-15','Sneha Malhotra','9876500038','Active','Luxury sleeper driver'),(39,'Sanjay Gupta','1988-11-29','2017-06-01','9876543039','sanjay.g@example.com','Agra, UP','UP80DL7788','Passenger','2029-07-30','Kiran Gupta','9876500039','Active','Reliable express driver'),(40,'Rahul Verma','1990-04-10','2018-12-20','9876543040','rahul.v@example.com','Indore, MP','MP09PS9900','Commercial','2030-02-28','Sonia Verma','9876500040','Active','Fast & disciplined driver'),(41,'Ganesh Prasad','1985-01-05','2013-08-15','9876543041','ganesh.p@example.com','Ranchi, Jharkhand','JH01HM1122','Passenger','2029-08-05','Suresh Prasad','9876500041','Active','Handles sleeper buses'),(42,'Dinesh Singh','1981-03-19','2009-07-01','9876543042','dinesh.s@example.com','Chandigarh, India','CH01CM3344','Passenger','2027-04-01','Rajendra Singh','9876500042','Active','Senior highway driver'),(43,'Vimal Nair','1987-09-27','2016-05-20','9876543043','vimal.n@example.com','Trivandrum, Kerala','KL15DL5566','Commercial','2029-06-25','Ajith Nair','9876500043','Active','Handles Volvo luxury buses'),(44,'Ajith Kumar','1984-02-11','2012-11-30','9876543044','ajith.k@example.com','Chennai, TN','TN02PS7788','Passenger','2028-12-30','Radha Kumar','9876500044','Active','Expert in AC coaches'),(45,'Sohail Khan','1989-08-14','2018-09-10','9876543045','sohail.k@example.com','Delhi, India','DL09HM9900','Commercial','2030-10-15','Imran Khan','9876500045','Active','Handles express buses'),(46,'Arvind Joshi','1983-10-03','2011-02-15','9876543046','arvind.j@example.com','Ahmedabad, Gujarat','GJ27PS1122','Passenger','2028-02-20','Ramesh Joshi','9876500046','Active','Luxury bus expert'),(47,'Rajat Desai','1986-06-22','2015-01-05','9876543047','rajat.d@example.com','Vadodara, Gujarat','GJ06DL3344','Passenger','2029-01-10','Kunal Desai','9876500047','Active','Handles intercity express'),(48,'Devendra Kumar','1981-12-18','2009-10-20','9876543048','devendra.k@example.com','Delhi, India','DL06PS5566','Passenger','2027-10-30','Rohit Kumar','9876500048','Active','Sleeper & semi-sleeper expert'),(49,'Tarun Yadav','1988-01-08','2016-04-01','9876543049','tarun.y@example.com','Lucknow, UP','UP32HM7788','Passenger','2029-04-20','Amit Yadav','9876500049','Active','Handles overnight buses');
/*!40000 ALTER TABLE `drivers` ENABLE KEYS */;
UNLOCK TABLES;

--
-- Table structure for table `operators`
--

DROP TABLE IF EXISTS `operators`;
/*!40101 SET @saved_cs_client     = @@character_set_client */;
/*!50503 SET character_set_client = utf8mb4 */;
CREATE TABLE `operators` (
  `operator_id` int NOT NULL AUTO_INCREMENT,
  `operator_name` varchar(100) NOT NULL,
  `contact_number` varchar(15) DEFAULT NULL,
  PRIMARY KEY (`operator_id`)
) ENGINE=InnoDB AUTO_INCREMENT=12 DEFAULT CHARSET=utf8mb4 COLLATE=utf8mb4_0900_ai_ci;
/*!40101 SET character_set_client = @saved_cs_client */;

--
-- Dumping data for table `operators`
--

LOCK TABLES `operators` WRITE;
/*!40000 ALTER TABLE `operators` DISABLE KEYS */;
INSERT INTO `operators` VALUES (1,'VRL Travels','9876543210'),(2,'KSRTC','9845012345'),(3,'Orange Tours and Travels','9845098765'),(4,'SRS Travels','9988776655'),(5,'KPN Travels','9123456780'),(6,'ABT X Travels','9345678901'),(7,'Parveen Travels','9456789012'),(8,'Neeta Travels','9567890123'),(9,'GreenLine Travels','9678901234'),(10,'National Travels','9789012345'),(11,'Kesineni Travels','7263893729');
/*!40000 ALTER TABLE `operators` ENABLE KEYS */;
UNLOCK TABLES;

--
-- Table structure for table `payments`
--

DROP TABLE IF EXISTS `payments`;
/*!40101 SET @saved_cs_client     = @@character_set_client */;
/*!50503 SET character_set_client = utf8mb4 */;
CREATE TABLE `payments` (
  `payment_id` int NOT NULL AUTO_INCREMENT,
  `booking_id` int NOT NULL,
  `amount` decimal(10,2) NOT NULL,
  `payment_method` enum('UPI','Credit Card','Debit Card','NetBanking','Wallet') NOT NULL,
  `transaction_id` varchar(100) DEFAULT NULL,
  `payment_date` datetime DEFAULT CURRENT_TIMESTAMP,
  `status` enum('Success','Failed','Pending','Refunded') DEFAULT 'Pending',
  PRIMARY KEY (`payment_id`),
  UNIQUE KEY `transaction_id` (`transaction_id`),
  KEY `booking_id` (`booking_id`),
  CONSTRAINT `payments_ibfk_1` FOREIGN KEY (`booking_id`) REFERENCES `bookings` (`booking_id`)
) ENGINE=InnoDB AUTO_INCREMENT=2 DEFAULT CHARSET=utf8mb4 COLLATE=utf8mb4_0900_ai_ci;
/*!40101 SET character_set_client = @saved_cs_client */;

--
-- Dumping data for table `payments`
--

LOCK TABLES `payments` WRITE;
/*!40000 ALTER TABLE `payments` DISABLE KEYS */;
INSERT INTO `payments` VALUES (1,5,0.00,'Credit Card','TXN1756468568218','2025-08-29 17:26:08','Success');
/*!40000 ALTER TABLE `payments` ENABLE KEYS */;
UNLOCK TABLES;

--
-- Table structure for table `routes`
--

DROP TABLE IF EXISTS `routes`;
/*!40101 SET @saved_cs_client     = @@character_set_client */;
/*!50503 SET character_set_client = utf8mb4 */;
CREATE TABLE `routes` (
  `route_id` int NOT NULL AUTO_INCREMENT,
  `from_city_id` int NOT NULL,
  `to_city_id` int NOT NULL,
  `distance_km` decimal(8,2) DEFAULT NULL,
  `estimated_time` time DEFAULT NULL,
  PRIMARY KEY (`route_id`),
  KEY `from_city_id` (`from_city_id`),
  KEY `to_city_id` (`to_city_id`),
  CONSTRAINT `routes_ibfk_1` FOREIGN KEY (`from_city_id`) REFERENCES `cities` (`city_id`),
  CONSTRAINT `routes_ibfk_2` FOREIGN KEY (`to_city_id`) REFERENCES `cities` (`city_id`)
) ENGINE=InnoDB AUTO_INCREMENT=52 DEFAULT CHARSET=utf8mb4 COLLATE=utf8mb4_0900_ai_ci;
/*!40101 SET character_set_client = @saved_cs_client */;

--
-- Dumping data for table `routes`
--

LOCK TABLES `routes` WRITE;
/*!40000 ALTER TABLE `routes` DISABLE KEYS */;
INSERT INTO `routes` VALUES (1,1,2,1440.00,'24:00:00'),(2,2,3,2150.00,'36:00:00'),(3,3,4,570.00,'10:00:00'),(4,4,6,630.00,'11:00:00'),(5,6,7,1670.00,'28:00:00'),(6,1,9,150.00,'04:00:00'),(7,9,10,1170.00,'18:00:00'),(8,10,11,570.00,'10:00:00'),(9,11,18,580.00,'11:00:00'),(10,7,34,370.00,'08:00:00'),(11,34,19,480.00,'09:00:00'),(12,19,1,410.00,'07:00:00'),(13,3,37,740.00,'12:00:00'),(14,37,38,200.00,'04:00:00'),(15,38,2,320.00,'06:00:00'),(16,5,27,470.00,'09:00:00'),(17,27,28,1900.00,'32:00:00'),(18,28,42,540.00,'10:00:00'),(19,42,2,260.00,'05:00:00'),(20,12,23,1210.00,'20:00:00'),(21,23,15,160.00,'03:00:00'),(22,15,1,35.00,'01:30:00'),(23,30,32,190.00,'04:00:00'),(24,32,31,190.00,'04:00:00'),(25,31,18,410.00,'09:00:00'),(26,41,73,480.00,'08:00:00'),(27,73,74,250.00,'05:00:00'),(28,74,75,110.00,'03:00:00'),(29,75,10,135.00,'03:00:00'),(30,49,3,145.00,'03:30:00'),(31,49,72,240.00,'05:30:00'),(32,72,76,70.00,'02:00:00'),(33,76,5,410.00,'08:00:00'),(34,70,71,500.00,'10:00:00'),(35,71,2,2750.00,'45:00:00'),(36,84,2,2180.00,'40:00:00'),(37,85,7,1400.00,'26:00:00'),(38,86,34,700.00,'13:00:00'),(39,87,88,30.00,'01:00:00'),(40,87,72,280.00,'06:00:00'),(41,89,90,140.00,'03:00:00'),(42,90,91,520.00,'10:00:00'),(43,91,7,1600.00,'30:00:00'),(44,92,93,90.00,'02:00:00'),(45,93,42,260.00,'05:00:00'),(46,94,95,30.00,'01:00:00'),(47,95,96,45.00,'01:30:00'),(48,96,2,210.00,'05:00:00'),(49,97,98,60.00,'01:30:00'),(50,98,99,140.00,'03:00:00'),(51,99,100,200.00,'04:00:00');
/*!40000 ALTER TABLE `routes` ENABLE KEYS */;
UNLOCK TABLES;

--
-- Table structure for table `schedule_seats`
--

DROP TABLE IF EXISTS `schedule_seats`;
/*!40101 SET @saved_cs_client     = @@character_set_client */;
/*!50503 SET character_set_client = utf8mb4 */;
CREATE TABLE `schedule_seats` (
  `schedule_seat_id` int NOT NULL AUTO_INCREMENT,
  `schedule_id` int NOT NULL,
  `seat_id` int NOT NULL,
  `is_booked` tinyint(1) DEFAULT '0',
  `fare` decimal(10,2) DEFAULT NULL,
  PRIMARY KEY (`schedule_seat_id`),
  KEY `schedule_seats_ibfk_1` (`schedule_id`),
  KEY `schedule_seats_ibfk_2` (`seat_id`),
  CONSTRAINT `schedule_seats_ibfk_1` FOREIGN KEY (`schedule_id`) REFERENCES `schedules` (`schedule_id`) ON DELETE CASCADE,
  CONSTRAINT `schedule_seats_ibfk_2` FOREIGN KEY (`seat_id`) REFERENCES `seats` (`seat_id`) ON DELETE CASCADE
) ENGINE=InnoDB AUTO_INCREMENT=7 DEFAULT CHARSET=utf8mb4 COLLATE=utf8mb4_0900_ai_ci;
/*!40101 SET character_set_client = @saved_cs_client */;

--
-- Dumping data for table `schedule_seats`
--

LOCK TABLES `schedule_seats` WRITE;
/*!40000 ALTER TABLE `schedule_seats` DISABLE KEYS */;
INSERT INTO `schedule_seats` VALUES (1,181,29,0,1200.00),(2,181,14,1,800.00);
/*!40000 ALTER TABLE `schedule_seats` ENABLE KEYS */;
UNLOCK TABLES;

--
-- Table structure for table `schedules`
--

DROP TABLE IF EXISTS `schedules`;
/*!40101 SET @saved_cs_client     = @@character_set_client */;
/*!50503 SET character_set_client = utf8mb4 */;
CREATE TABLE `schedules` (
  `schedule_id` int NOT NULL AUTO_INCREMENT,
  `route_id` int NOT NULL,
  `bus_id` int NOT NULL,
  `driver_id` int DEFAULT NULL,
  `departure_datetime` datetime NOT NULL,
  `arrival_datetime` datetime DEFAULT NULL,
  `fare` decimal(10,2) NOT NULL,
  `status` enum('Scheduled','Delayed','Cancelled','Completed') DEFAULT 'Scheduled',
  PRIMARY KEY (`schedule_id`),
  KEY `route_id` (`route_id`),
  KEY `driver_id` (`driver_id`),
  KEY `schedules_ibfk_1` (`bus_id`),
  CONSTRAINT `schedules_ibfk_1` FOREIGN KEY (`bus_id`) REFERENCES `buses` (`bus_id`) ON DELETE CASCADE,
  CONSTRAINT `schedules_ibfk_2` FOREIGN KEY (`bus_id`) REFERENCES `buses` (`bus_id`),
  CONSTRAINT `schedules_ibfk_3` FOREIGN KEY (`driver_id`) REFERENCES `drivers` (`driver_id`)
) ENGINE=InnoDB AUTO_INCREMENT=191 DEFAULT CHARSET=utf8mb4 COLLATE=utf8mb4_0900_ai_ci;
/*!40101 SET character_set_client = @saved_cs_client */;

--
-- Dumping data for table `schedules`
--

LOCK TABLES `schedules` WRITE;
/*!40000 ALTER TABLE `schedules` DISABLE KEYS */;
INSERT INTO `schedules` VALUES (181,3,72,5,'2025-09-01 07:00:00','2025-09-01 12:30:00',1200.00,'Scheduled'),(182,8,75,12,'2025-09-01 09:00:00','2025-09-01 15:45:00',1500.00,'Scheduled'),(183,2,80,18,'2025-09-02 06:00:00','2025-09-02 11:00:00',1000.00,'Scheduled'),(184,15,85,24,'2025-09-02 20:30:00','2025-09-03 06:00:00',1800.00,'Scheduled'),(185,20,90,30,'2025-09-03 05:15:00','2025-09-03 10:45:00',900.00,'Scheduled'),(186,10,95,7,'2025-09-03 14:00:00','2025-09-03 21:30:00',1400.00,'Scheduled'),(187,25,100,14,'2025-09-04 22:00:00','2025-09-05 07:00:00',2000.00,'Scheduled'),(188,12,110,33,'2025-09-04 08:30:00','2025-09-04 14:00:00',1100.00,'Scheduled'),(189,5,120,41,'2025-09-05 06:00:00','2025-09-05 13:30:00',1300.00,'Scheduled'),(190,28,130,49,'2025-09-05 21:00:00','2025-09-06 06:15:00',1700.00,'Scheduled');
/*!40000 ALTER TABLE `schedules` ENABLE KEYS */;
UNLOCK TABLES;

--
-- Table structure for table `seats`
--

DROP TABLE IF EXISTS `seats`;
/*!40101 SET @saved_cs_client     = @@character_set_client */;
/*!50503 SET character_set_client = utf8mb4 */;
CREATE TABLE `seats` (
  `seat_id` int NOT NULL AUTO_INCREMENT,
  `bus_id` int NOT NULL,
  `seat_number` varchar(10) NOT NULL,
  `seat_type` enum('Seater','Sleeper','Window','Aisle') DEFAULT 'Seater',
  `is_reserved` tinyint(1) DEFAULT '0',
  PRIMARY KEY (`seat_id`),
  KEY `seats_ibfk_1` (`bus_id`),
  CONSTRAINT `seats_ibfk_1` FOREIGN KEY (`bus_id`) REFERENCES `buses` (`bus_id`) ON DELETE CASCADE
) ENGINE=InnoDB AUTO_INCREMENT=8194 DEFAULT CHARSET=utf8mb4 COLLATE=utf8mb4_0900_ai_ci;
/*!40101 SET character_set_client = @saved_cs_client */;

--
-- Dumping data for table `seats`
--

LOCK TABLES `seats` WRITE;
/*!40000 ALTER TABLE `seats` DISABLE KEYS */;
INSERT INTO `seats` VALUES (1,72,'S1','Sleeper',1),(2,72,'S2','Seater',0),(3,72,'S3','Seater',0),(4,72,'S4','Window',0),(6,72,'S6','Sleeper',1),(7,72,'S7','Seater',0),(8,72,'S8','Window',0),(9,72,'S9','Window',0),(10,72,'S10','Seater',0),(11,72,'S11','Seater',0),(12,72,'S12','Window',0),(13,72,'S13','Window',0),(14,72,'S14','Seater',0),(15,72,'S15','Seater',0),(16,72,'S16','Window',0),(17,72,'S17','Window',0),(18,72,'S18','Seater',0),(19,72,'S19','Seater',0),(20,72,'S20','Window',0),(21,72,'S21','Window',0),(22,72,'S22','Seater',0),(23,72,'S23','Seater',0),(24,72,'S24','Window',0),(25,72,'S25','Window',0),(26,72,'S26','Seater',0),(27,72,'S27','Seater',0),(28,72,'S28','Window',0),(29,72,'S29','Window',0),(30,72,'S30','Seater',0),(31,72,'S31','Seater',0),(32,72,'S32','Window',0),(33,72,'S33','Window',0),(34,72,'S34','Seater',0),(35,72,'S35','Seater',0),(36,72,'S36','Window',0),(37,72,'S37','Window',0),(38,72,'S38','Seater',0),(39,72,'S39','Seater',0),(40,72,'S40','Window',0),(41,72,'S41','Window',0),(42,72,'S42','Seater',0),(43,72,'S43','Seater',0),(44,72,'S44','Window',0),(45,72,'S45','Window',0),(46,72,'S46','Seater',0),(47,72,'S47','Seater',0),(48,72,'S48','Window',0),(141,75,'L1','Sleeper',0),(142,75,'L2','Sleeper',0),(143,75,'L3','Sleeper',0),(144,75,'L4','Sleeper',0),(145,75,'L5','Sleeper',0),(146,75,'L6','Sleeper',0),(147,75,'L7','Sleeper',0),(148,75,'L8','Sleeper',0),(149,75,'L9','Sleeper',0),(150,75,'L10','Sleeper',0),(151,75,'L11','Sleeper',0),(152,75,'L12','Sleeper',0),(153,75,'L13','Sleeper',0),(154,75,'L14','Sleeper',0),(155,75,'L15','Sleeper',0),(156,75,'L16','Sleeper',0),(157,75,'L17','Sleeper',0),(158,75,'L18','Sleeper',0),(159,75,'L19','Sleeper',0),(160,75,'L20','Sleeper',0),(161,75,'L21','Sleeper',0),(162,75,'L22','Sleeper',0),(163,75,'L23','Sleeper',0),(164,75,'L24','Sleeper',0),(165,75,'L25','Sleeper',0),(166,75,'L26','Sleeper',0),(167,75,'L27','Sleeper',0),(168,75,'L28','Sleeper',0),(169,75,'L29','Sleeper',0),(170,75,'L30','Sleeper',0),(171,75,'L31','Sleeper',0),(172,75,'L32','Sleeper',0),(173,75,'L33','Sleeper',0),(174,75,'L34','Sleeper',0),(175,75,'L35','Sleeper',0),(176,75,'L36','Sleeper',0),(177,76,'S1','Window',0),(178,76,'S2','Seater',0),(179,76,'S3','Seater',0),(180,76,'S4','Window',0),(181,76,'S5','Window',0),(182,76,'S6','Seater',0),(183,76,'S7','Seater',0),(184,76,'S8','Window',0),(185,76,'S9','Window',0),(186,76,'S10','Seater',0),(187,76,'S11','Seater',0),(188,76,'S12','Window',0),(189,76,'S13','Window',0),(190,76,'S14','Seater',0),(191,76,'S15','Seater',0),(192,76,'S16','Window',0),(193,76,'S17','Window',0),(194,76,'S18','Seater',0),(195,76,'S19','Seater',0),(196,76,'S20','Window',0),(197,76,'S21','Window',0),(198,76,'S22','Seater',0),(199,76,'S23','Seater',0),(200,76,'S24','Window',0),(201,76,'S25','Window',0),(202,76,'S26','Seater',0),(203,76,'S27','Seater',0),(204,76,'S28','Window',0),(205,76,'S29','Window',0),(206,76,'S30','Seater',0),(207,76,'S31','Seater',0),(208,76,'S32','Window',0),(209,76,'S33','Window',0),(210,76,'S34','Seater',0),(211,76,'S35','Seater',0),(212,76,'S36','Window',0),(213,76,'S37','Window',0),(214,76,'S38','Seater',0),(215,76,'S39','Seater',0),(216,76,'S40','Window',0),(217,76,'S41','Window',0),(218,76,'S42','Seater',0),(219,76,'S43','Seater',0),(220,76,'S44','Window',0),(221,76,'S45','Window',0),(222,76,'S46','Seater',0),(223,76,'S47','Seater',0),(224,76,'S48','Window',0),(225,76,'S49','Window',0),(226,76,'S50','Seater',0),(227,76,'S51','Seater',0),(228,76,'S52','Window',0),(229,76,'S53','Window',0),(230,76,'S54','Seater',0),(231,76,'S55','Seater',0),(232,77,'S1','Window',0),(233,77,'S2','Seater',0),(234,77,'S3','Seater',0),(235,77,'S4','Window',0),(236,77,'S5','Window',0),(237,77,'S6','Seater',0),(238,77,'S7','Seater',0),(239,77,'S8','Window',0),(240,77,'S9','Window',0),(241,77,'S10','Seater',0),(242,77,'S11','Seater',0),(243,77,'S12','Window',0),(244,77,'S13','Window',0),(245,77,'S14','Seater',0),(246,77,'S15','Seater',0),(247,77,'S16','Window',0),(248,77,'S17','Window',0),(249,77,'S18','Seater',0),(250,77,'S19','Seater',0),(251,77,'S20','Window',0),(252,77,'S21','Window',0),(253,77,'S22','Seater',0),(254,77,'S23','Seater',0),(255,77,'S24','Window',0),(256,77,'S25','Window',0),(257,77,'S26','Seater',0),(258,77,'S27','Seater',0),(259,77,'S28','Window',0),(260,77,'S29','Window',0),(261,77,'S30','Seater',0),(262,77,'S31','Seater',0),(263,77,'S32','Window',0),(264,77,'S33','Window',0),(265,77,'S34','Seater',0),(266,77,'S35','Seater',0),(267,77,'S36','Window',0),(268,77,'S37','Window',0),(269,77,'S38','Seater',0),(270,77,'S39','Seater',0),(271,77,'S40','Window',0),(272,77,'S41','Window',0),(273,77,'S42','Seater',0),(274,77,'S43','Seater',0),(275,77,'S44','Window',0),(276,77,'S45','Window',0),(277,77,'S46','Seater',0),(278,77,'S47','Seater',0),(279,77,'S48','Window',0),(280,77,'S49','Window',0),(281,77,'S50','Seater',0),(282,78,'L1','Sleeper',0),(283,78,'L2','Sleeper',0),(284,78,'L3','Sleeper',0),(285,78,'L4','Sleeper',0),(286,78,'L5','Sleeper',0),(287,78,'L6','Sleeper',0),(288,78,'L7','Sleeper',0),(289,78,'L8','Sleeper',0),(290,78,'L9','Sleeper',0),(291,78,'L10','Sleeper',0),(292,78,'L11','Sleeper',0),(293,78,'L12','Sleeper',0),(294,78,'L13','Sleeper',0),(295,78,'L14','Sleeper',0),(296,78,'L15','Sleeper',0),(297,78,'L16','Sleeper',0),(298,78,'L17','Sleeper',0),(299,78,'L18','Sleeper',0),(300,78,'L19','Sleeper',0),(301,78,'L20','Sleeper',0),(302,78,'L21','Sleeper',0),(303,78,'L22','Sleeper',0),(304,78,'L23','Sleeper',0),(305,78,'L24','Sleeper',0),(306,78,'L25','Sleeper',0),(307,78,'L26','Sleeper',0),(308,78,'L27','Sleeper',0),(309,78,'L28','Sleeper',0),(310,78,'L29','Sleeper',0),(311,78,'L30','Sleeper',0),(312,78,'L31','Sleeper',0),(313,78,'L32','Sleeper',0),(314,78,'L33','Sleeper',0),(315,78,'L34','Sleeper',0),(316,78,'L35','Sleeper',0),(317,78,'L36','Sleeper',0),(318,78,'L37','Sleeper',0),(319,78,'L38','Sleeper',0),(320,78,'L39','Sleeper',0),(321,78,'L40','Sleeper',0),(322,78,'L41','Sleeper',0),(323,78,'L42','Sleeper',0),(324,79,'S1','Window',0),(325,79,'S2','Seater',0),(326,79,'S3','Seater',0),(327,79,'S4','Window',0),(328,79,'S5','Window',0),(329,79,'S6','Seater',0),(330,79,'S7','Seater',0),(331,79,'S8','Window',0),(332,79,'S9','Window',0),(333,79,'S10','Seater',0),(334,79,'S11','Seater',0),(335,79,'S12','Window',0),(336,79,'S13','Window',0),(337,79,'S14','Seater',0),(338,79,'S15','Seater',0),(339,79,'S16','Window',0),(340,79,'S17','Window',0),(341,79,'S18','Seater',0),(342,79,'S19','Seater',0),(343,79,'S20','Window',0),(344,79,'S21','Window',0),(345,79,'S22','Seater',0),(346,79,'S23','Seater',0),(347,79,'S24','Window',0),(348,79,'S25','Window',0),(349,79,'S26','Seater',0),(350,79,'S27','Seater',0),(351,79,'S28','Window',0),(352,79,'S29','Window',0),(353,79,'S30','Seater',0),(354,79,'S31','Seater',0),(355,79,'S32','Window',0),(356,79,'S33','Window',0),(357,79,'S34','Seater',0),(358,79,'S35','Seater',0),(359,79,'S36','Window',0),(360,79,'S37','Window',0),(361,79,'S38','Seater',0),(362,79,'S39','Seater',0),(363,79,'S40','Window',0),(364,79,'S41','Window',0),(365,79,'S42','Seater',0),(366,79,'S43','Seater',0),(367,79,'S44','Window',0),(368,79,'S45','Window',0),(369,79,'S46','Seater',0),(370,79,'S47','Seater',0),(371,79,'S48','Window',0),(372,79,'S49','Window',0),(373,79,'S50','Seater',0),(374,80,'S1','Window',0),(375,80,'S2','Seater',0),(376,80,'S3','Seater',0),(377,80,'S4','Window',0),(378,80,'S5','Window',0),(379,80,'S6','Seater',0),(380,80,'S7','Seater',0),(381,80,'S8','Window',0),(382,80,'S9','Window',0),(383,80,'S10','Seater',0),(384,80,'S11','Seater',0),(385,80,'S12','Window',0),(386,80,'S13','Window',0),(387,80,'S14','Seater',0),(388,80,'S15','Seater',0),(389,80,'S16','Window',0),(390,80,'S17','Window',0),(391,80,'S18','Seater',0),(392,80,'S19','Seater',0),(393,80,'S20','Window',0),(394,80,'S21','Window',0),(395,80,'S22','Seater',0),(396,80,'S23','Seater',0),(397,80,'S24','Window',0),(398,80,'S25','Window',0),(399,80,'S26','Seater',0),(400,80,'S27','Seater',0),(401,80,'S28','Window',0),(402,80,'S29','Window',0),(403,80,'S30','Seater',0),(404,80,'S31','Seater',0),(405,80,'S32','Window',0),(406,80,'S33','Window',0),(407,80,'S34','Seater',0),(408,80,'S35','Seater',0),(409,80,'S36','Window',0),(410,80,'S37','Window',0),(411,80,'S38','Seater',0),(412,80,'S39','Seater',0),(413,80,'S40','Window',0),(414,80,'S41','Window',0),(415,80,'S42','Seater',0),(416,80,'S43','Seater',0),(417,80,'S44','Window',0),(418,80,'S45','Window',0),(419,80,'S46','Seater',0),(420,80,'S47','Seater',0),(421,80,'S48','Window',0),(422,80,'S49','Window',0),(423,81,'L1','Sleeper',0),(424,81,'L2','Sleeper',0),(425,81,'L3','Sleeper',0),(426,81,'L4','Sleeper',0),(427,81,'L5','Sleeper',0),(428,81,'L6','Sleeper',0),(429,81,'L7','Sleeper',0),(430,81,'L8','Sleeper',0),(431,81,'L9','Sleeper',0),(432,81,'L10','Sleeper',0),(433,81,'L11','Sleeper',0),(434,81,'L12','Sleeper',0),(435,81,'L13','Sleeper',0),(436,81,'L14','Sleeper',0),(437,81,'L15','Sleeper',0),(438,81,'L16','Sleeper',0),(439,81,'L17','Sleeper',0),(440,81,'L18','Sleeper',0),(441,81,'L19','Sleeper',0),(442,81,'L20','Sleeper',0),(443,81,'L21','Sleeper',0),(444,81,'L22','Sleeper',0),(445,81,'L23','Sleeper',0),(446,81,'L24','Sleeper',0),(447,81,'L25','Sleeper',0),(448,81,'L26','Sleeper',0),(449,81,'L27','Sleeper',0),(450,81,'L28','Sleeper',0),(451,81,'L29','Sleeper',0),(452,81,'L30','Sleeper',0),(453,81,'L31','Sleeper',0),(454,81,'L32','Sleeper',0),(455,81,'L33','Sleeper',0),(456,81,'L34','Sleeper',0),(457,81,'L35','Sleeper',0),(458,81,'L36','Sleeper',0),(459,81,'L37','Sleeper',0),(460,81,'L38','Sleeper',0),(461,81,'L39','Sleeper',0),(462,81,'L40','Sleeper',0),(463,82,'S1','Window',0),(464,82,'S2','Seater',0),(465,82,'S3','Seater',0),(466,82,'S4','Window',0),(467,82,'S5','Window',0),(468,82,'S6','Seater',0),(469,82,'S7','Seater',0),(470,82,'S8','Window',0),(471,82,'S9','Window',0),(472,82,'S10','Seater',0),(473,82,'S11','Seater',0),(474,82,'S12','Window',0),(475,82,'S13','Window',0),(476,82,'S14','Seater',0),(477,82,'S15','Seater',0),(478,82,'S16','Window',0),(479,82,'S17','Window',0),(480,82,'S18','Seater',0),(481,82,'S19','Seater',0),(482,82,'S20','Window',0),(483,82,'S21','Window',0),(484,82,'S22','Seater',0),(485,82,'S23','Seater',0),(486,82,'S24','Window',0),(487,82,'S25','Window',0),(488,82,'S26','Seater',0),(489,82,'S27','Seater',0),(490,82,'S28','Window',0),(491,82,'S29','Window',0),(492,82,'S30','Seater',0),(493,82,'S31','Seater',0),(494,82,'S32','Window',0),(495,82,'S33','Window',0),(496,82,'S34','Seater',0),(497,82,'S35','Seater',0),(498,82,'S36','Window',0),(499,82,'S37','Window',0),(500,82,'S38','Seater',0),(501,82,'S39','Seater',0),(502,82,'S40','Window',0),(503,82,'S41','Window',0),(504,82,'S42','Seater',0),(505,82,'S43','Seater',0),(506,82,'S44','Window',0),(507,82,'S45','Window',0),(508,82,'S46','Seater',0),(509,82,'S47','Seater',0),(510,82,'S48','Window',0),(511,82,'S49','Window',0),(512,82,'S50','Seater',0),(513,83,'S1','Window',0),(514,83,'S2','Seater',0),(515,83,'S3','Seater',0),(516,83,'S4','Window',0),(517,83,'S5','Window',0),(518,83,'S6','Seater',0),(519,83,'S7','Seater',0),(520,83,'S8','Window',0),(521,83,'S9','Window',0),(522,83,'S10','Seater',0),(523,83,'S11','Seater',0),(524,83,'S12','Window',0),(525,83,'S13','Window',0),(526,83,'S14','Seater',0),(527,83,'S15','Seater',0),(528,83,'S16','Window',0),(529,83,'S17','Window',0),(530,83,'S18','Seater',0),(531,83,'S19','Seater',0),(532,83,'S20','Window',0),(533,83,'S21','Window',0),(534,83,'S22','Seater',0),(535,83,'S23','Seater',0),(536,83,'S24','Window',0),(537,83,'S25','Window',0),(538,83,'S26','Seater',0),(539,83,'S27','Seater',0),(540,83,'S28','Window',0),(541,83,'S29','Window',0),(542,83,'S30','Seater',0),(543,83,'S31','Seater',0),(544,83,'S32','Window',0),(545,83,'S33','Window',0),(546,83,'S34','Seater',0),(547,83,'S35','Seater',0),(548,83,'S36','Window',0),(549,83,'S37','Window',0),(550,83,'S38','Seater',0),(551,83,'S39','Seater',0),(552,83,'S40','Window',0),(553,83,'S41','Window',0),(554,83,'S42','Seater',0),(555,83,'S43','Seater',0),(556,83,'S44','Window',0),(557,83,'S45','Window',0),(558,83,'S46','Seater',0),(559,83,'S47','Seater',0),(560,83,'S48','Window',0),(561,83,'S49','Window',0),(562,83,'S50','Seater',0),(563,83,'S51','Seater',0),(564,83,'S52','Window',0),(565,83,'S53','Window',0),(566,83,'S54','Seater',0),(567,83,'S55','Seater',0),(568,84,'S1','Window',0),(569,84,'S2','Seater',0),(570,84,'S3','Seater',0),(571,84,'S4','Window',0),(572,84,'S5','Window',0),(573,84,'S6','Seater',0),(574,84,'S7','Seater',0),(575,84,'S8','Window',0),(576,84,'S9','Window',0),(577,84,'S10','Seater',0),(578,84,'S11','Seater',0),(579,84,'S12','Window',0),(580,84,'S13','Window',0),(581,84,'S14','Seater',0),(582,84,'S15','Seater',0),(583,84,'S16','Window',0),(584,84,'S17','Window',0),(585,84,'S18','Seater',0),(586,84,'S19','Seater',0),(587,84,'S20','Window',0),(588,84,'S21','Window',0),(589,84,'S22','Seater',0),(590,84,'S23','Seater',0),(591,84,'S24','Window',0),(592,84,'S25','Window',0),(593,84,'S26','Seater',0),(594,84,'S27','Seater',0),(595,84,'S28','Window',0),(596,84,'S29','Window',0),(597,84,'S30','Seater',0),(598,84,'S31','Seater',0),(599,84,'S32','Window',0),(600,84,'S33','Window',0),(601,84,'S34','Seater',0),(602,84,'S35','Seater',0),(603,84,'S36','Window',0),(604,84,'S37','Window',0),(605,84,'S38','Seater',0),(606,84,'S39','Seater',0),(607,84,'S40','Window',0),(608,84,'S41','Window',0),(609,84,'S42','Seater',0),(610,84,'S43','Seater',0),(611,84,'S44','Window',0),(612,84,'S45','Window',0),(613,84,'S46','Seater',0),(614,84,'S47','Seater',0),(615,84,'S48','Window',0),(616,84,'S49','Window',0),(617,85,'L1','Sleeper',0),(618,85,'L2','Sleeper',0),(619,85,'L3','Sleeper',0),(620,85,'L4','Sleeper',0),(621,85,'L5','Sleeper',0),(622,85,'L6','Sleeper',0),(623,85,'L7','Sleeper',0),(624,85,'L8','Sleeper',0),(625,85,'L9','Sleeper',0),(626,85,'L10','Sleeper',0),(627,85,'L11','Sleeper',0),(628,85,'L12','Sleeper',0),(629,85,'L13','Sleeper',0),(630,85,'L14','Sleeper',0),(631,85,'L15','Sleeper',0),(632,85,'L16','Sleeper',0),(633,85,'L17','Sleeper',0),(634,85,'L18','Sleeper',0),(635,85,'L19','Sleeper',0),(636,85,'L20','Sleeper',0),(637,85,'L21','Sleeper',0),(638,85,'L22','Sleeper',0),(639,85,'L23','Sleeper',0),(640,85,'L24','Sleeper',0),(641,85,'L25','Sleeper',0),(642,85,'L26','Sleeper',0),(643,85,'L27','Sleeper',0),(644,85,'L28','Sleeper',0),(645,85,'L29','Sleeper',0),(646,85,'L30','Sleeper',0),(647,85,'L31','Sleeper',0),(648,85,'L32','Sleeper',0),(649,85,'L33','Sleeper',0),(650,85,'L34','Sleeper',0),(651,85,'L35','Sleeper',0),(652,85,'L36','Sleeper',0),(653,85,'L37','Sleeper',0),(654,85,'L38','Sleeper',0),(655,86,'L1','Sleeper',0),(656,86,'L2','Sleeper',0),(657,86,'L3','Sleeper',0),(658,86,'L4','Sleeper',0),(659,86,'L5','Sleeper',0),(660,86,'L6','Sleeper',0),(661,86,'L7','Sleeper',0),(662,86,'L8','Sleeper',0),(663,86,'L9','Sleeper',0),(664,86,'L10','Sleeper',0),(665,86,'L11','Sleeper',0),(666,86,'L12','Sleeper',0),(667,86,'L13','Sleeper',0),(668,86,'L14','Sleeper',0),(669,86,'L15','Sleeper',0),(670,86,'L16','Sleeper',0),(671,86,'L17','Sleeper',0),(672,86,'L18','Sleeper',0),(673,86,'L19','Sleeper',0),(674,86,'L20','Sleeper',0),(675,86,'L21','Sleeper',0),(676,86,'L22','Sleeper',0),(677,86,'L23','Sleeper',0),(678,86,'L24','Sleeper',0),(679,86,'L25','Sleeper',0),(680,86,'L26','Sleeper',0),(681,86,'L27','Sleeper',0),(682,86,'L28','Sleeper',0),(683,86,'L29','Sleeper',0),(684,86,'L30','Sleeper',0),(685,86,'L31','Sleeper',0),(686,86,'L32','Sleeper',0),(687,86,'L33','Sleeper',0),(688,86,'L34','Sleeper',0),(689,86,'L35','Sleeper',0),(690,86,'L36','Sleeper',0),(691,86,'L37','Sleeper',0),(692,86,'L38','Sleeper',0),(693,86,'L39','Sleeper',0),(694,86,'L40','Sleeper',0),(695,87,'S1','Window',0),(696,87,'S2','Seater',0),(697,87,'S3','Seater',0),(698,87,'S4','Window',0),(699,87,'S5','Window',0),(700,87,'S6','Seater',0),(701,87,'S7','Seater',0),(702,87,'S8','Window',0),(703,87,'S9','Window',0),(704,87,'S10','Seater',0),(705,87,'S11','Seater',0),(706,87,'S12','Window',0),(707,87,'S13','Window',0),(708,87,'S14','Seater',0),(709,87,'S15','Seater',0),(710,87,'S16','Window',0),(711,87,'S17','Window',0),(712,87,'S18','Seater',0),(713,87,'S19','Seater',0),(714,87,'S20','Window',0),(715,87,'S21','Window',0),(716,87,'S22','Seater',0),(717,87,'S23','Seater',0),(718,87,'S24','Window',0),(719,87,'S25','Window',0),(720,87,'S26','Seater',0),(721,87,'S27','Seater',0),(722,87,'S28','Window',0),(723,87,'S29','Window',0),(724,87,'S30','Seater',0),(725,87,'S31','Seater',0),(726,87,'S32','Window',0),(727,87,'S33','Window',0),(728,87,'S34','Seater',0),(729,87,'S35','Seater',0),(730,87,'S36','Window',0),(731,87,'S37','Window',0),(732,87,'S38','Seater',0),(733,87,'S39','Seater',0),(734,87,'S40','Window',0),(735,87,'S41','Window',0),(736,87,'S42','Seater',0),(737,87,'S43','Seater',0),(738,87,'S44','Window',0),(739,87,'S45','Window',0),(740,87,'S46','Seater',0),(741,87,'S47','Seater',0),(742,87,'S48','Window',0),(743,87,'S49','Window',0),(744,87,'S50','Seater',0),(745,87,'S51','Seater',0),(746,87,'S52','Window',0),(747,88,'S1','Window',0),(748,88,'S2','Seater',0),(749,88,'S3','Seater',0),(750,88,'S4','Window',0),(751,88,'S5','Window',0),(752,88,'S6','Seater',0),(753,88,'S7','Seater',0),(754,88,'S8','Window',0),(755,88,'S9','Window',0),(756,88,'S10','Seater',0),(757,88,'S11','Seater',0),(758,88,'S12','Window',0),(759,88,'S13','Window',0),(760,88,'S14','Seater',0),(761,88,'S15','Seater',0),(762,88,'S16','Window',0),(763,88,'S17','Window',0),(764,88,'S18','Seater',0),(765,88,'S19','Seater',0),(766,88,'S20','Window',0),(767,88,'S21','Window',0),(768,88,'S22','Seater',0),(769,88,'S23','Seater',0),(770,88,'S24','Window',0),(771,88,'S25','Window',0),(772,88,'S26','Seater',0),(773,88,'S27','Seater',0),(774,88,'S28','Window',0),(775,88,'S29','Window',0),(776,88,'S30','Seater',0),(777,88,'S31','Seater',0),(778,88,'S32','Window',0),(779,88,'S33','Window',0),(780,88,'S34','Seater',0),(781,88,'S35','Seater',0),(782,88,'S36','Window',0),(783,88,'S37','Window',0),(784,88,'S38','Seater',0),(785,88,'S39','Seater',0),(786,88,'S40','Window',0),(787,88,'S41','Window',0),(788,88,'S42','Seater',0),(789,88,'S43','Seater',0),(790,88,'S44','Window',0),(791,88,'S45','Window',0),(792,88,'S46','Seater',0),(793,88,'S47','Seater',0),(794,88,'S48','Window',0),(795,89,'S1','Window',0),(796,89,'S2','Seater',0),(797,89,'S3','Seater',0),(798,89,'S4','Window',0),(799,89,'S5','Window',0),(800,89,'S6','Seater',0),(801,89,'S7','Seater',0),(802,89,'S8','Window',0),(803,89,'S9','Window',0),(804,89,'S10','Seater',0),(805,89,'S11','Seater',0),(806,89,'S12','Window',0),(807,89,'S13','Window',0),(808,89,'S14','Seater',0),(809,89,'S15','Seater',0),(810,89,'S16','Window',0),(811,89,'S17','Window',0),(812,89,'S18','Seater',0),(813,89,'S19','Seater',0),(814,89,'S20','Window',0),(815,89,'S21','Window',0),(816,89,'S22','Seater',0),(817,89,'S23','Seater',0),(818,89,'S24','Window',0),(819,89,'S25','Window',0),(820,89,'S26','Seater',0),(821,89,'S27','Seater',0),(822,89,'S28','Window',0),(823,89,'S29','Window',0),(824,89,'S30','Seater',0),(825,89,'S31','Seater',0),(826,89,'S32','Window',0),(827,89,'S33','Window',0),(828,89,'S34','Seater',0),(829,89,'S35','Seater',0),(830,89,'S36','Window',0),(831,89,'S37','Window',0),(832,89,'S38','Seater',0),(833,89,'S39','Seater',0),(834,89,'S40','Window',0),(835,89,'S41','Window',0),(836,89,'S42','Seater',0),(837,89,'S43','Seater',0),(838,89,'S44','Window',0),(839,89,'S45','Window',0),(840,89,'S46','Seater',0),(841,89,'S47','Seater',0),(842,89,'S48','Window',0),(843,89,'S49','Window',0),(844,89,'S50','Seater',0),(845,89,'S51','Seater',0),(846,89,'S52','Window',0),(847,89,'S53','Window',0),(848,89,'S54','Seater',0),(849,89,'S55','Seater',0),(850,89,'S56','Window',0),(851,90,'S1','Window',0),(852,90,'S2','Seater',0),(853,90,'S3','Seater',0),(854,90,'S4','Window',0),(855,90,'S5','Window',0),(856,90,'S6','Seater',0),(857,90,'S7','Seater',0),(858,90,'S8','Window',0),(859,90,'S9','Window',0),(860,90,'S10','Seater',0),(861,90,'S11','Seater',0),(862,90,'S12','Window',0),(863,90,'S13','Window',0),(864,90,'S14','Seater',0),(865,90,'S15','Seater',0),(866,90,'S16','Window',0),(867,90,'S17','Window',0),(868,90,'S18','Seater',0),(869,90,'S19','Seater',0),(870,90,'S20','Window',0),(871,90,'S21','Window',0),(872,90,'S22','Seater',0),(873,90,'S23','Seater',0),(874,90,'S24','Window',0),(875,90,'S25','Window',0),(876,90,'S26','Seater',0),(877,90,'S27','Seater',0),(878,90,'S28','Window',0),(879,90,'S29','Window',0),(880,90,'S30','Seater',0),(881,90,'S31','Seater',0),(882,90,'S32','Window',0),(883,90,'S33','Window',0),(884,90,'S34','Seater',0),(885,90,'S35','Seater',0),(886,90,'S36','Window',0),(887,90,'S37','Window',0),(888,90,'S38','Seater',0),(889,90,'S39','Seater',0),(890,90,'S40','Window',0),(891,90,'S41','Window',0),(892,90,'S42','Seater',0),(893,90,'S43','Seater',0),(894,90,'S44','Window',0),(895,90,'S45','Window',0),(896,90,'S46','Seater',0),(897,90,'S47','Seater',0),(898,90,'S48','Window',0),(899,90,'S49','Window',0),(900,90,'S50','Seater',0),(901,91,'L1','Sleeper',0),(902,91,'L2','Sleeper',0),(903,91,'L3','Sleeper',0),(904,91,'L4','Sleeper',0),(905,91,'L5','Sleeper',0),(906,91,'L6','Sleeper',0),(907,91,'L7','Sleeper',0),(908,91,'L8','Sleeper',0),(909,91,'L9','Sleeper',0),(910,91,'L10','Sleeper',0),(911,91,'L11','Sleeper',0),(912,91,'L12','Sleeper',0),(913,91,'L13','Sleeper',0),(914,91,'L14','Sleeper',0),(915,91,'L15','Sleeper',0),(916,91,'L16','Sleeper',0),(917,91,'L17','Sleeper',0),(918,91,'L18','Sleeper',0),(919,91,'L19','Sleeper',0),(920,91,'L20','Sleeper',0),(921,91,'L21','Sleeper',0),(922,91,'L22','Sleeper',0),(923,91,'L23','Sleeper',0),(924,91,'L24','Sleeper',0),(925,91,'L25','Sleeper',0),(926,91,'L26','Sleeper',0),(927,91,'L27','Sleeper',0),(928,91,'L28','Sleeper',0),(929,91,'L29','Sleeper',0),(930,91,'L30','Sleeper',0),(931,91,'L31','Sleeper',0),(932,91,'L32','Sleeper',0),(933,91,'L33','Sleeper',0),(934,91,'L34','Sleeper',0),(935,91,'L35','Sleeper',0),(936,91,'L36','Sleeper',0),(937,91,'L37','Sleeper',0),(938,91,'L38','Sleeper',0),(939,91,'L39','Sleeper',0),(940,91,'L40','Sleeper',0),(941,91,'L41','Sleeper',0),(942,91,'L42','Sleeper',0),(943,92,'L1','Sleeper',0),(944,92,'L2','Sleeper',0),(945,92,'L3','Sleeper',0),(946,92,'L4','Sleeper',0),(947,92,'L5','Sleeper',0),(948,92,'L6','Sleeper',0),(949,92,'L7','Sleeper',0),(950,92,'L8','Sleeper',0),(951,92,'L9','Sleeper',0),(952,92,'L10','Sleeper',0),(953,92,'L11','Sleeper',0),(954,92,'L12','Sleeper',0),(955,92,'L13','Sleeper',0),(956,92,'L14','Sleeper',0),(957,92,'L15','Sleeper',0),(958,92,'L16','Sleeper',0),(959,92,'L17','Sleeper',0),(960,92,'L18','Sleeper',0),(961,92,'L19','Sleeper',0),(962,92,'L20','Sleeper',0),(963,92,'L21','Sleeper',0),(964,92,'L22','Sleeper',0),(965,92,'L23','Sleeper',0),(966,92,'L24','Sleeper',0),(967,92,'L25','Sleeper',0),(968,92,'L26','Sleeper',0),(969,92,'L27','Sleeper',0),(970,92,'L28','Sleeper',0),(971,92,'L29','Sleeper',0),(972,92,'L30','Sleeper',0),(973,92,'L31','Sleeper',0),(974,92,'L32','Sleeper',0),(975,92,'L33','Sleeper',0),(976,92,'L34','Sleeper',0),(977,92,'L35','Sleeper',0),(978,92,'L36','Sleeper',0),(979,92,'L37','Sleeper',0),(980,92,'L38','Sleeper',0),(981,92,'L39','Sleeper',0),(982,92,'L40','Sleeper',0),(983,93,'S1','Window',0),(984,93,'S2','Seater',0),(985,93,'S3','Seater',0),(986,93,'S4','Window',0),(987,93,'S5','Window',0),(988,93,'S6','Seater',0),(989,93,'S7','Seater',0),(990,93,'S8','Window',0),(991,93,'S9','Window',0),(992,93,'S10','Seater',0),(993,93,'S11','Seater',0),(994,93,'S12','Window',0),(995,93,'S13','Window',0),(996,93,'S14','Seater',0),(997,93,'S15','Seater',0),(998,93,'S16','Window',0),(999,93,'S17','Window',0),(1000,93,'S18','Seater',0),(1001,93,'S19','Seater',0),(1002,93,'S20','Window',0),(1003,93,'S21','Window',0),(1004,93,'S22','Seater',0),(1005,93,'S23','Seater',0),(1006,93,'S24','Window',0),(1007,93,'S25','Window',0),(1008,93,'S26','Seater',0),(1009,93,'S27','Seater',0),(1010,93,'S28','Window',0),(1011,93,'S29','Window',0),(1012,93,'S30','Seater',0),(1013,93,'S31','Seater',0),(1014,93,'S32','Window',0),(1015,93,'S33','Window',0),(1016,93,'S34','Seater',0),(1017,93,'S35','Seater',0),(1018,93,'S36','Window',0),(1019,93,'S37','Window',0),(1020,93,'S38','Seater',0),(1021,93,'S39','Seater',0),(1022,93,'S40','Window',0),(1023,93,'S41','Window',0),(1024,93,'S42','Seater',0),(1025,93,'S43','Seater',0),(1026,93,'S44','Window',0),(1027,93,'S45','Window',0),(1028,93,'S46','Seater',0),(1029,93,'S47','Seater',0),(1030,93,'S48','Window',0),(1031,93,'S49','Window',0),(1032,93,'S50','Seater',0),(1033,94,'L1','Sleeper',0),(1034,94,'L2','Sleeper',0),(1035,94,'L3','Sleeper',0),(1036,94,'L4','Sleeper',0),(1037,94,'L5','Sleeper',0),(1038,94,'L6','Sleeper',0),(1039,94,'L7','Sleeper',0),(1040,94,'L8','Sleeper',0),(1041,94,'L9','Sleeper',0),(1042,94,'L10','Sleeper',0),(1043,94,'L11','Sleeper',0),(1044,94,'L12','Sleeper',0),(1045,94,'L13','Sleeper',0),(1046,94,'L14','Sleeper',0),(1047,94,'L15','Sleeper',0),(1048,94,'L16','Sleeper',0),(1049,94,'L17','Sleeper',0),(1050,94,'L18','Sleeper',0),(1051,94,'L19','Sleeper',0),(1052,94,'L20','Sleeper',0),(1053,94,'L21','Sleeper',0),(1054,94,'L22','Sleeper',0),(1055,94,'L23','Sleeper',0),(1056,94,'L24','Sleeper',0),(1057,94,'L25','Sleeper',0),(1058,94,'L26','Sleeper',0),(1059,94,'L27','Sleeper',0),(1060,94,'L28','Sleeper',0),(1061,94,'L29','Sleeper',0),(1062,94,'L30','Sleeper',0),(1063,94,'L31','Sleeper',0),(1064,94,'L32','Sleeper',0),(1065,94,'L33','Sleeper',0),(1066,94,'L34','Sleeper',0),(1067,94,'L35','Sleeper',0),(1068,94,'L36','Sleeper',0),(1069,95,'S1','Window',0),(1070,95,'S2','Seater',0),(1071,95,'S3','Seater',0),(1072,95,'S4','Window',0),(1073,95,'S5','Window',0),(1074,95,'S6','Seater',0),(1075,95,'S7','Seater',0),(1076,95,'S8','Window',0),(1077,95,'S9','Window',0),(1078,95,'S10','Seater',0),(1079,95,'S11','Seater',0),(1080,95,'S12','Window',0),(1081,95,'S13','Window',0),(1082,95,'S14','Seater',0),(1083,95,'S15','Seater',0),(1084,95,'S16','Window',0),(1085,95,'S17','Window',0),(1086,95,'S18','Seater',0),(1087,95,'S19','Seater',0),(1088,95,'S20','Window',0),(1089,95,'S21','Window',0),(1090,95,'S22','Seater',0),(1091,95,'S23','Seater',0),(1092,95,'S24','Window',0),(1093,95,'S25','Window',0),(1094,95,'S26','Seater',0),(1095,95,'S27','Seater',0),(1096,95,'S28','Window',0),(1097,95,'S29','Window',0),(1098,95,'S30','Seater',0),(1099,95,'S31','Seater',0),(1100,95,'S32','Window',0),(1101,95,'S33','Window',0),(1102,95,'S34','Seater',0),(1103,95,'S35','Seater',0),(1104,95,'S36','Window',0),(1105,95,'S37','Window',0),(1106,95,'S38','Seater',0),(1107,95,'S39','Seater',0),(1108,95,'S40','Window',0),(1109,95,'S41','Window',0),(1110,95,'S42','Seater',0),(1111,95,'S43','Seater',0),(1112,95,'S44','Window',0),(1113,95,'S45','Window',0),(1114,95,'S46','Seater',0),(1115,95,'S47','Seater',0),(1116,95,'S48','Window',0),(1117,95,'S49','Window',0),(1118,95,'S50','Seater',0),(1119,95,'S51','Seater',0),(1120,95,'S52','Window',0),(1121,95,'S53','Window',0),(1122,95,'S54','Seater',0),(1123,95,'S55','Seater',0),(1124,96,'S1','Window',0),(1125,96,'S2','Seater',0),(1126,96,'S3','Seater',0),(1127,96,'S4','Window',0),(1128,96,'S5','Window',0),(1129,96,'S6','Seater',0),(1130,96,'S7','Seater',0),(1131,96,'S8','Window',0),(1132,96,'S9','Window',0),(1133,96,'S10','Seater',0),(1134,96,'S11','Seater',0),(1135,96,'S12','Window',0),(1136,96,'S13','Window',0),(1137,96,'S14','Seater',0),(1138,96,'S15','Seater',0),(1139,96,'S16','Window',0),(1140,96,'S17','Window',0),(1141,96,'S18','Seater',0),(1142,96,'S19','Seater',0),(1143,96,'S20','Window',0),(1144,96,'S21','Window',0),(1145,96,'S22','Seater',0),(1146,96,'S23','Seater',0),(1147,96,'S24','Window',0),(1148,96,'S25','Window',0),(1149,96,'S26','Seater',0),(1150,96,'S27','Seater',0),(1151,96,'S28','Window',0),(1152,96,'S29','Window',0),(1153,96,'S30','Seater',0),(1154,96,'S31','Seater',0),(1155,96,'S32','Window',0),(1156,96,'S33','Window',0),(1157,96,'S34','Seater',0),(1158,96,'S35','Seater',0),(1159,96,'S36','Window',0),(1160,96,'S37','Window',0),(1161,96,'S38','Seater',0),(1162,96,'S39','Seater',0),(1163,96,'S40','Window',0),(1164,96,'S41','Window',0),(1165,96,'S42','Seater',0),(1166,96,'S43','Seater',0),(1167,96,'S44','Window',0),(1168,96,'S45','Window',0),(1169,96,'S46','Seater',0),(1170,96,'S47','Seater',0),(1171,96,'S48','Window',0),(1172,97,'L1','Sleeper',0),(1173,97,'L2','Sleeper',0),(1174,97,'L3','Sleeper',0),(1175,97,'L4','Sleeper',0),(1176,97,'L5','Sleeper',0),(1177,97,'L6','Sleeper',0),(1178,97,'L7','Sleeper',0),(1179,97,'L8','Sleeper',0),(1180,97,'L9','Sleeper',0),(1181,97,'L10','Sleeper',0),(1182,97,'L11','Sleeper',0),(1183,97,'L12','Sleeper',0),(1184,97,'L13','Sleeper',0),(1185,97,'L14','Sleeper',0),(1186,97,'L15','Sleeper',0),(1187,97,'L16','Sleeper',0),(1188,97,'L17','Sleeper',0),(1189,97,'L18','Sleeper',0),(1190,97,'L19','Sleeper',0),(1191,97,'L20','Sleeper',0),(1192,97,'L21','Sleeper',0),(1193,97,'L22','Sleeper',0),(1194,97,'L23','Sleeper',0),(1195,97,'L24','Sleeper',0),(1196,97,'L25','Sleeper',0),(1197,97,'L26','Sleeper',0),(1198,97,'L27','Sleeper',0),(1199,97,'L28','Sleeper',0),(1200,97,'L29','Sleeper',0),(1201,97,'L30','Sleeper',0),(1202,97,'L31','Sleeper',0),(1203,97,'L32','Sleeper',0),(1204,97,'L33','Sleeper',0),(1205,97,'L34','Sleeper',0),(1206,97,'L35','Sleeper',0),(1207,97,'L36','Sleeper',0),(1208,97,'L37','Sleeper',0),(1209,97,'L38','Sleeper',0),(1210,97,'L39','Sleeper',0),(1211,97,'L40','Sleeper',0),(1212,97,'L41','Sleeper',0),(1213,97,'L42','Sleeper',0),(1214,98,'S1','Window',0),(1215,98,'S2','Seater',0),(1216,98,'S3','Seater',0),(1217,98,'S4','Window',0),(1218,98,'S5','Window',0),(1219,98,'S6','Seater',0),(1220,98,'S7','Seater',0),(1221,98,'S8','Window',0),(1222,98,'S9','Window',0),(1223,98,'S10','Seater',0),(1224,98,'S11','Seater',0),(1225,98,'S12','Window',0),(1226,98,'S13','Window',0),(1227,98,'S14','Seater',0),(1228,98,'S15','Seater',0),(1229,98,'S16','Window',0),(1230,98,'S17','Window',0),(1231,98,'S18','Seater',0),(1232,98,'S19','Seater',0),(1233,98,'S20','Window',0),(1234,98,'S21','Window',0),(1235,98,'S22','Seater',0),(1236,98,'S23','Seater',0),(1237,98,'S24','Window',0),(1238,98,'S25','Window',0),(1239,98,'S26','Seater',0),(1240,98,'S27','Seater',0),(1241,98,'S28','Window',0),(1242,98,'S29','Window',0),(1243,98,'S30','Seater',0),(1244,98,'S31','Seater',0),(1245,98,'S32','Window',0),(1246,98,'S33','Window',0),(1247,98,'S34','Seater',0),(1248,98,'S35','Seater',0),(1249,98,'S36','Window',0),(1250,98,'S37','Window',0),(1251,98,'S38','Seater',0),(1252,98,'S39','Seater',0),(1253,98,'S40','Window',0),(1254,98,'S41','Window',0),(1255,98,'S42','Seater',0),(1256,98,'S43','Seater',0),(1257,98,'S44','Window',0),(1258,98,'S45','Window',0),(1259,98,'S46','Seater',0),(1260,98,'S47','Seater',0),(1261,98,'S48','Window',0),(1262,98,'S49','Window',0),(1263,98,'S50','Seater',0),(1264,98,'S51','Seater',0),(1265,98,'S52','Window',0),(1266,99,'S1','Window',0),(1267,99,'S2','Seater',0),(1268,99,'S3','Seater',0),(1269,99,'S4','Window',0),(1270,99,'S5','Window',0),(1271,99,'S6','Seater',0),(1272,99,'S7','Seater',0),(1273,99,'S8','Window',0),(1274,99,'S9','Window',0),(1275,99,'S10','Seater',0),(1276,99,'S11','Seater',0),(1277,99,'S12','Window',0),(1278,99,'S13','Window',0),(1279,99,'S14','Seater',0),(1280,99,'S15','Seater',0),(1281,99,'S16','Window',0),(1282,99,'S17','Window',0),(1283,99,'S18','Seater',0),(1284,99,'S19','Seater',0),(1285,99,'S20','Window',0),(1286,99,'S21','Window',0),(1287,99,'S22','Seater',0),(1288,99,'S23','Seater',0),(1289,99,'S24','Window',0),(1290,99,'S25','Window',0),(1291,99,'S26','Seater',0),(1292,99,'S27','Seater',0),(1293,99,'S28','Window',0),(1294,99,'S29','Window',0),(1295,99,'S30','Seater',0),(1296,99,'S31','Seater',0),(1297,99,'S32','Window',0),(1298,99,'S33','Window',0),(1299,99,'S34','Seater',0),(1300,99,'S35','Seater',0),(1301,99,'S36','Window',0),(1302,99,'S37','Window',0),(1303,99,'S38','Seater',0),(1304,99,'S39','Seater',0),(1305,99,'S40','Window',0),(1306,99,'S41','Window',0),(1307,99,'S42','Seater',0),(1308,99,'S43','Seater',0),(1309,99,'S44','Window',0),(1310,99,'S45','Window',0),(1311,99,'S46','Seater',0),(1312,99,'S47','Seater',0),(1313,99,'S48','Window',0),(1314,99,'S49','Window',0),(1315,99,'S50','Seater',0),(1316,100,'S1','Window',0),(1317,100,'S2','Seater',0),(1318,100,'S3','Seater',0),(1319,100,'S4','Window',0),(1320,100,'S5','Window',0),(1321,100,'S6','Seater',0),(1322,100,'S7','Seater',0),(1323,100,'S8','Window',0),(1324,100,'S9','Window',0),(1325,100,'S10','Seater',0),(1326,100,'S11','Seater',0),(1327,100,'S12','Window',0),(1328,100,'S13','Window',0),(1329,100,'S14','Seater',0),(1330,100,'S15','Seater',0),(1331,100,'S16','Window',0),(1332,100,'S17','Window',0),(1333,100,'S18','Seater',0),(1334,100,'S19','Seater',0),(1335,100,'S20','Window',0),(1336,100,'S21','Window',0),(1337,100,'S22','Seater',0),(1338,100,'S23','Seater',0),(1339,100,'S24','Window',0),(1340,100,'S25','Window',0),(1341,100,'S26','Seater',0),(1342,100,'S27','Seater',0),(1343,100,'S28','Window',0),(1344,100,'S29','Window',0),(1345,100,'S30','Seater',0),(1346,100,'S31','Seater',0),(1347,100,'S32','Window',0),(1348,100,'S33','Window',0),(1349,100,'S34','Seater',0),(1350,100,'S35','Seater',0),(1351,100,'S36','Window',0),(1352,100,'S37','Window',0),(1353,100,'S38','Seater',0),(1354,100,'S39','Seater',0),(1355,100,'S40','Window',0),(1356,100,'S41','Window',0),(1357,100,'S42','Seater',0),(1358,100,'S43','Seater',0),(1359,100,'S44','Window',0),(1360,100,'S45','Window',0),(1361,100,'S46','Seater',0),(1362,100,'S47','Seater',0),(1363,100,'S48','Window',0),(1364,100,'S49','Window',0),(1365,100,'S50','Seater',0),(1366,100,'S51','Seater',0),(1367,101,'L1','Sleeper',0),(1368,101,'L2','Sleeper',0),(1369,101,'L3','Sleeper',0),(1370,101,'L4','Sleeper',0),(1371,101,'L5','Sleeper',0),(1372,101,'L6','Sleeper',0),(1373,101,'L7','Sleeper',0),(1374,101,'L8','Sleeper',0),(1375,101,'L9','Sleeper',0),(1376,101,'L10','Sleeper',0),(1377,101,'L11','Sleeper',0),(1378,101,'L12','Sleeper',0),(1379,101,'L13','Sleeper',0),(1380,101,'L14','Sleeper',0),(1381,101,'L15','Sleeper',0),(1382,101,'L16','Sleeper',0),(1383,101,'L17','Sleeper',0),(1384,101,'L18','Sleeper',0),(1385,101,'L19','Sleeper',0),(1386,101,'L20','Sleeper',0),(1387,101,'L21','Sleeper',0),(1388,101,'L22','Sleeper',0),(1389,101,'L23','Sleeper',0),(1390,101,'L24','Sleeper',0),(1391,101,'L25','Sleeper',0),(1392,101,'L26','Sleeper',0),(1393,101,'L27','Sleeper',0),(1394,101,'L28','Sleeper',0),(1395,101,'L29','Sleeper',0),(1396,101,'L30','Sleeper',0),(1397,101,'L31','Sleeper',0),(1398,101,'L32','Sleeper',0),(1399,101,'L33','Sleeper',0),(1400,101,'L34','Sleeper',0),(1401,101,'L35','Sleeper',0),(1402,101,'L36','Sleeper',0),(1403,101,'L37','Sleeper',0),(1404,101,'L38','Sleeper',0),(1405,101,'L39','Sleeper',0),(1406,101,'L40','Sleeper',0),(1407,102,'S1','Window',0),(1408,102,'S2','Seater',0),(1409,102,'S3','Seater',0),(1410,102,'S4','Window',0),(1411,102,'S5','Window',0),(1412,102,'S6','Seater',0),(1413,102,'S7','Seater',0),(1414,102,'S8','Window',0),(1415,102,'S9','Window',0),(1416,102,'S10','Seater',0),(1417,102,'S11','Seater',0),(1418,102,'S12','Window',0),(1419,102,'S13','Window',0),(1420,102,'S14','Seater',0),(1421,102,'S15','Seater',0),(1422,102,'S16','Window',0),(1423,102,'S17','Window',0),(1424,102,'S18','Seater',0),(1425,102,'S19','Seater',0),(1426,102,'S20','Window',0),(1427,102,'S21','Window',0),(1428,102,'S22','Seater',0),(1429,102,'S23','Seater',0),(1430,102,'S24','Window',0),(1431,102,'S25','Window',0),(1432,102,'S26','Seater',0),(1433,102,'S27','Seater',0),(1434,102,'S28','Window',0),(1435,102,'S29','Window',0),(1436,102,'S30','Seater',0),(1437,102,'S31','Seater',0),(1438,102,'S32','Window',0),(1439,102,'S33','Window',0),(1440,102,'S34','Seater',0),(1441,102,'S35','Seater',0),(1442,102,'S36','Window',0),(1443,102,'S37','Window',0),(1444,102,'S38','Seater',0),(1445,102,'S39','Seater',0),(1446,102,'S40','Window',0),(1447,102,'S41','Window',0),(1448,102,'S42','Seater',0),(1449,102,'S43','Seater',0),(1450,102,'S44','Window',0),(1451,102,'S45','Window',0),(1452,102,'S46','Seater',0),(1453,102,'S47','Seater',0),(1454,102,'S48','Window',0),(1455,102,'S49','Window',0),(1456,102,'S50','Seater',0),(1457,103,'L1','Sleeper',0),(1458,103,'L2','Sleeper',0),(1459,103,'L3','Sleeper',0),(1460,103,'L4','Sleeper',0),(1461,103,'L5','Sleeper',0),(1462,103,'L6','Sleeper',0),(1463,103,'L7','Sleeper',0),(1464,103,'L8','Sleeper',0),(1465,103,'L9','Sleeper',0),(1466,103,'L10','Sleeper',0),(1467,103,'L11','Sleeper',0),(1468,103,'L12','Sleeper',0),(1469,103,'L13','Sleeper',0),(1470,103,'L14','Sleeper',0),(1471,103,'L15','Sleeper',0),(1472,103,'L16','Sleeper',0),(1473,103,'L17','Sleeper',0),(1474,103,'L18','Sleeper',0),(1475,103,'L19','Sleeper',0),(1476,103,'L20','Sleeper',0),(1477,103,'L21','Sleeper',0),(1478,103,'L22','Sleeper',0),(1479,103,'L23','Sleeper',0),(1480,103,'L24','Sleeper',0),(1481,103,'L25','Sleeper',0),(1482,103,'L26','Sleeper',0),(1483,103,'L27','Sleeper',0),(1484,103,'L28','Sleeper',0),(1485,103,'L29','Sleeper',0),(1486,103,'L30','Sleeper',0),(1487,103,'L31','Sleeper',0),(1488,103,'L32','Sleeper',0),(1489,103,'L33','Sleeper',0),(1490,103,'L34','Sleeper',0),(1491,103,'L35','Sleeper',0),(1492,103,'L36','Sleeper',0),(1493,103,'L37','Sleeper',0),(1494,103,'L38','Sleeper',0),(1495,103,'L39','Sleeper',0),(1496,103,'L40','Sleeper',0),(1497,104,'S1','Window',0),(1498,104,'S2','Seater',0),(1499,104,'S3','Seater',0),(1500,104,'S4','Window',0),(1501,104,'S5','Window',0),(1502,104,'S6','Seater',0),(1503,104,'S7','Seater',0),(1504,104,'S8','Window',0),(1505,104,'S9','Window',0),(1506,104,'S10','Seater',0),(1507,104,'S11','Seater',0),(1508,104,'S12','Window',0),(1509,104,'S13','Window',0),(1510,104,'S14','Seater',0),(1511,104,'S15','Seater',0),(1512,104,'S16','Window',0),(1513,104,'S17','Window',0),(1514,104,'S18','Seater',0),(1515,104,'S19','Seater',0),(1516,104,'S20','Window',0),(1517,104,'S21','Window',0),(1518,104,'S22','Seater',0),(1519,104,'S23','Seater',0),(1520,104,'S24','Window',0),(1521,104,'S25','Window',0),(1522,104,'S26','Seater',0),(1523,104,'S27','Seater',0),(1524,104,'S28','Window',0),(1525,104,'S29','Window',0),(1526,104,'S30','Seater',0),(1527,104,'S31','Seater',0),(1528,104,'S32','Window',0),(1529,104,'S33','Window',0),(1530,104,'S34','Seater',0),(1531,104,'S35','Seater',0),(1532,104,'S36','Window',0),(1533,104,'S37','Window',0),(1534,104,'S38','Seater',0),(1535,104,'S39','Seater',0),(1536,104,'S40','Window',0),(1537,104,'S41','Window',0),(1538,104,'S42','Seater',0),(1539,104,'S43','Seater',0),(1540,104,'S44','Window',0),(1541,104,'S45','Window',0),(1542,104,'S46','Seater',0),(1543,104,'S47','Seater',0),(1544,104,'S48','Window',0),(1545,104,'S49','Window',0),(1546,104,'S50','Seater',0),(1547,104,'S51','Seater',0),(1548,104,'S52','Window',0),(1549,104,'S53','Window',0),(1550,104,'S54','Seater',0),(1551,104,'S55','Seater',0),(1552,105,'L1','Sleeper',0),(1553,105,'L2','Sleeper',0),(1554,105,'L3','Sleeper',0),(1555,105,'L4','Sleeper',0),(1556,105,'L5','Sleeper',0),(1557,105,'L6','Sleeper',0),(1558,105,'L7','Sleeper',0),(1559,105,'L8','Sleeper',0),(1560,105,'L9','Sleeper',0),(1561,105,'L10','Sleeper',0),(1562,105,'L11','Sleeper',0),(1563,105,'L12','Sleeper',0),(1564,105,'L13','Sleeper',0),(1565,105,'L14','Sleeper',0),(1566,105,'L15','Sleeper',0),(1567,105,'L16','Sleeper',0),(1568,105,'L17','Sleeper',0),(1569,105,'L18','Sleeper',0),(1570,105,'L19','Sleeper',0),(1571,105,'L20','Sleeper',0),(1572,105,'L21','Sleeper',0),(1573,105,'L22','Sleeper',0),(1574,105,'L23','Sleeper',0),(1575,105,'L24','Sleeper',0),(1576,105,'L25','Sleeper',0),(1577,105,'L26','Sleeper',0),(1578,105,'L27','Sleeper',0),(1579,105,'L28','Sleeper',0),(1580,105,'L29','Sleeper',0),(1581,105,'L30','Sleeper',0),(1582,105,'L31','Sleeper',0),(1583,105,'L32','Sleeper',0),(1584,105,'L33','Sleeper',0),(1585,105,'L34','Sleeper',0),(1586,105,'L35','Sleeper',0),(1587,105,'L36','Sleeper',0),(1588,106,'S1','Window',0),(1589,106,'S2','Seater',0),(1590,106,'S3','Seater',0),(1591,106,'S4','Window',0),(1592,106,'S5','Window',0),(1593,106,'S6','Seater',0),(1594,106,'S7','Seater',0),(1595,106,'S8','Window',0),(1596,106,'S9','Window',0),(1597,106,'S10','Seater',0),(1598,106,'S11','Seater',0),(1599,106,'S12','Window',0),(1600,106,'S13','Window',0),(1601,106,'S14','Seater',0),(1602,106,'S15','Seater',0),(1603,106,'S16','Window',0),(1604,106,'S17','Window',0),(1605,106,'S18','Seater',0),(1606,106,'S19','Seater',0),(1607,106,'S20','Window',0),(1608,106,'S21','Window',0),(1609,106,'S22','Seater',0),(1610,106,'S23','Seater',0),(1611,106,'S24','Window',0),(1612,106,'S25','Window',0),(1613,106,'S26','Seater',0),(1614,106,'S27','Seater',0),(1615,106,'S28','Window',0),(1616,106,'S29','Window',0),(1617,106,'S30','Seater',0),(1618,106,'S31','Seater',0),(1619,106,'S32','Window',0),(1620,106,'S33','Window',0),(1621,106,'S34','Seater',0),(1622,106,'S35','Seater',0),(1623,106,'S36','Window',0),(1624,106,'S37','Window',0),(1625,106,'S38','Seater',0),(1626,106,'S39','Seater',0),(1627,106,'S40','Window',0),(1628,106,'S41','Window',0),(1629,106,'S42','Seater',0),(1630,106,'S43','Seater',0),(1631,106,'S44','Window',0),(1632,106,'S45','Window',0),(1633,106,'S46','Seater',0),(1634,106,'S47','Seater',0),(1635,106,'S48','Window',0),(1636,106,'S49','Window',0),(1637,106,'S50','Seater',0),(1638,107,'S1','Window',0),(1639,107,'S2','Seater',0),(1640,107,'S3','Seater',0),(1641,107,'S4','Window',0),(1642,107,'S5','Window',0),(1643,107,'S6','Seater',0),(1644,107,'S7','Seater',0),(1645,107,'S8','Window',0),(1646,107,'S9','Window',0),(1647,107,'S10','Seater',0),(1648,107,'S11','Seater',0),(1649,107,'S12','Window',0),(1650,107,'S13','Window',0),(1651,107,'S14','Seater',0),(1652,107,'S15','Seater',0),(1653,107,'S16','Window',0),(1654,107,'S17','Window',0),(1655,107,'S18','Seater',0),(1656,107,'S19','Seater',0),(1657,107,'S20','Window',0),(1658,107,'S21','Window',0),(1659,107,'S22','Seater',0),(1660,107,'S23','Seater',0),(1661,107,'S24','Window',0),(1662,107,'S25','Window',0),(1663,107,'S26','Seater',0),(1664,107,'S27','Seater',0),(1665,107,'S28','Window',0),(1666,107,'S29','Window',0),(1667,107,'S30','Seater',0),(1668,107,'S31','Seater',0),(1669,107,'S32','Window',0),(1670,107,'S33','Window',0),(1671,107,'S34','Seater',0),(1672,107,'S35','Seater',0),(1673,107,'S36','Window',0),(1674,107,'S37','Window',0),(1675,107,'S38','Seater',0),(1676,107,'S39','Seater',0),(1677,107,'S40','Window',0),(1678,107,'S41','Window',0),(1679,107,'S42','Seater',0),(1680,107,'S43','Seater',0),(1681,107,'S44','Window',0),(1682,107,'S45','Window',0),(1683,107,'S46','Seater',0),(1684,107,'S47','Seater',0),(1685,107,'S48','Window',0),(1686,107,'S49','Window',0),(1687,108,'L1','Sleeper',0),(1688,108,'L2','Sleeper',0),(1689,108,'L3','Sleeper',0),(1690,108,'L4','Sleeper',0),(1691,108,'L5','Sleeper',0),(1692,108,'L6','Sleeper',0),(1693,108,'L7','Sleeper',0),(1694,108,'L8','Sleeper',0),(1695,108,'L9','Sleeper',0),(1696,108,'L10','Sleeper',0),(1697,108,'L11','Sleeper',0),(1698,108,'L12','Sleeper',0),(1699,108,'L13','Sleeper',0),(1700,108,'L14','Sleeper',0),(1701,108,'L15','Sleeper',0),(1702,108,'L16','Sleeper',0),(1703,108,'L17','Sleeper',0),(1704,108,'L18','Sleeper',0),(1705,108,'L19','Sleeper',0),(1706,108,'L20','Sleeper',0),(1707,108,'L21','Sleeper',0),(1708,108,'L22','Sleeper',0),(1709,108,'L23','Sleeper',0),(1710,108,'L24','Sleeper',0),(1711,108,'L25','Sleeper',0),(1712,108,'L26','Sleeper',0),(1713,108,'L27','Sleeper',0),(1714,108,'L28','Sleeper',0),(1715,108,'L29','Sleeper',0),(1716,108,'L30','Sleeper',0),(1717,108,'L31','Sleeper',0),(1718,108,'L32','Sleeper',0),(1719,108,'L33','Sleeper',0),(1720,108,'L34','Sleeper',0),(1721,108,'L35','Sleeper',0),(1722,108,'L36','Sleeper',0),(1723,108,'L37','Sleeper',0),(1724,108,'L38','Sleeper',0),(1725,108,'L39','Sleeper',0),(1726,108,'L40','Sleeper',0),(1727,108,'L41','Sleeper',0),(1728,108,'L42','Sleeper',0),(1729,109,'S1','Window',0),(1730,109,'S2','Seater',0),(1731,109,'S3','Seater',0),(1732,109,'S4','Window',0),(1733,109,'S5','Window',0),(1734,109,'S6','Seater',0),(1735,109,'S7','Seater',0),(1736,109,'S8','Window',0),(1737,109,'S9','Window',0),(1738,109,'S10','Seater',0),(1739,109,'S11','Seater',0),(1740,109,'S12','Window',0),(1741,109,'S13','Window',0),(1742,109,'S14','Seater',0),(1743,109,'S15','Seater',0),(1744,109,'S16','Window',0),(1745,109,'S17','Window',0),(1746,109,'S18','Seater',0),(1747,109,'S19','Seater',0),(1748,109,'S20','Window',0),(1749,109,'S21','Window',0),(1750,109,'S22','Seater',0),(1751,109,'S23','Seater',0),(1752,109,'S24','Window',0),(1753,109,'S25','Window',0),(1754,109,'S26','Seater',0),(1755,109,'S27','Seater',0),(1756,109,'S28','Window',0),(1757,109,'S29','Window',0),(1758,109,'S30','Seater',0),(1759,109,'S31','Seater',0),(1760,109,'S32','Window',0),(1761,109,'S33','Window',0),(1762,109,'S34','Seater',0),(1763,109,'S35','Seater',0),(1764,109,'S36','Window',0),(1765,109,'S37','Window',0),(1766,109,'S38','Seater',0),(1767,109,'S39','Seater',0),(1768,109,'S40','Window',0),(1769,109,'S41','Window',0),(1770,109,'S42','Seater',0),(1771,109,'S43','Seater',0),(1772,109,'S44','Window',0),(1773,109,'S45','Window',0),(1774,109,'S46','Seater',0),(1775,109,'S47','Seater',0),(1776,109,'S48','Window',0),(1777,109,'S49','Window',0),(1778,109,'S50','Seater',0),(1779,109,'S51','Seater',0),(1780,109,'S52','Window',0),(1781,110,'S1','Window',0),(1782,110,'S2','Seater',0),(1783,110,'S3','Seater',0),(1784,110,'S4','Window',0),(1785,110,'S5','Window',0),(1786,110,'S6','Seater',0),(1787,110,'S7','Seater',0),(1788,110,'S8','Window',0),(1789,110,'S9','Window',0),(1790,110,'S10','Seater',0),(1791,110,'S11','Seater',0),(1792,110,'S12','Window',0),(1793,110,'S13','Window',0),(1794,110,'S14','Seater',0),(1795,110,'S15','Seater',0),(1796,110,'S16','Window',0),(1797,110,'S17','Window',0),(1798,110,'S18','Seater',0),(1799,110,'S19','Seater',0),(1800,110,'S20','Window',0),(1801,110,'S21','Window',0),(1802,110,'S22','Seater',0),(1803,110,'S23','Seater',0),(1804,110,'S24','Window',0),(1805,110,'S25','Window',0),(1806,110,'S26','Seater',0),(1807,110,'S27','Seater',0),(1808,110,'S28','Window',0),(1809,110,'S29','Window',0),(1810,110,'S30','Seater',0),(1811,110,'S31','Seater',0),(1812,110,'S32','Window',0),(1813,110,'S33','Window',0),(1814,110,'S34','Seater',0),(1815,110,'S35','Seater',0),(1816,110,'S36','Window',0),(1817,110,'S37','Window',0),(1818,110,'S38','Seater',0),(1819,110,'S39','Seater',0),(1820,110,'S40','Window',0),(1821,110,'S41','Window',0),(1822,110,'S42','Seater',0),(1823,110,'S43','Seater',0),(1824,110,'S44','Window',0),(1825,110,'S45','Window',0),(1826,110,'S46','Seater',0),(1827,110,'S47','Seater',0),(1828,110,'S48','Window',0),(1829,111,'S1','Window',0),(1830,111,'S2','Seater',0),(1831,111,'S3','Seater',0),(1832,111,'S4','Window',0),(1833,111,'S5','Window',0),(1834,111,'S6','Seater',0),(1835,111,'S7','Seater',0),(1836,111,'S8','Window',0),(1837,111,'S9','Window',0),(1838,111,'S10','Seater',0),(1839,111,'S11','Seater',0),(1840,111,'S12','Window',0),(1841,111,'S13','Window',0),(1842,111,'S14','Seater',0),(1843,111,'S15','Seater',0),(1844,111,'S16','Window',0),(1845,111,'S17','Window',0),(1846,111,'S18','Seater',0),(1847,111,'S19','Seater',0),(1848,111,'S20','Window',0),(1849,111,'S21','Window',0),(1850,111,'S22','Seater',0),(1851,111,'S23','Seater',0),(1852,111,'S24','Window',0),(1853,111,'S25','Window',0),(1854,111,'S26','Seater',0),(1855,111,'S27','Seater',0),(1856,111,'S28','Window',0),(1857,111,'S29','Window',0),(1858,111,'S30','Seater',0),(1859,111,'S31','Seater',0),(1860,111,'S32','Window',0),(1861,111,'S33','Window',0),(1862,111,'S34','Seater',0),(1863,111,'S35','Seater',0),(1864,111,'S36','Window',0),(1865,111,'S37','Window',0),(1866,111,'S38','Seater',0),(1867,111,'S39','Seater',0),(1868,111,'S40','Window',0),(1869,111,'S41','Window',0),(1870,111,'S42','Seater',0),(1871,111,'S43','Seater',0),(1872,111,'S44','Window',0),(1873,111,'S45','Window',0),(1874,111,'S46','Seater',0),(1875,111,'S47','Seater',0),(1876,111,'S48','Window',0),(1877,111,'S49','Window',0),(1878,111,'S50','Seater',0),(1879,111,'S51','Seater',0),(1880,111,'S52','Window',0),(1881,111,'S53','Window',0),(1882,111,'S54','Seater',0),(1883,111,'S55','Seater',0),(1884,111,'S56','Window',0),(1885,112,'S1','Window',0),(1886,112,'S2','Seater',0),(1887,112,'S3','Seater',0),(1888,112,'S4','Window',0),(1889,112,'S5','Window',0),(1890,112,'S6','Seater',0),(1891,112,'S7','Seater',0),(1892,112,'S8','Window',0),(1893,112,'S9','Window',0),(1894,112,'S10','Seater',0),(1895,112,'S11','Seater',0),(1896,112,'S12','Window',0),(1897,112,'S13','Window',0),(1898,112,'S14','Seater',0),(1899,112,'S15','Seater',0),(1900,112,'S16','Window',0),(1901,112,'S17','Window',0),(1902,112,'S18','Seater',0),(1903,112,'S19','Seater',0),(1904,112,'S20','Window',0),(1905,112,'S21','Window',0),(1906,112,'S22','Seater',0),(1907,112,'S23','Seater',0),(1908,112,'S24','Window',0),(1909,112,'S25','Window',0),(1910,112,'S26','Seater',0),(1911,112,'S27','Seater',0),(1912,112,'S28','Window',0),(1913,112,'S29','Window',0),(1914,112,'S30','Seater',0),(1915,112,'S31','Seater',0),(1916,112,'S32','Window',0),(1917,112,'S33','Window',0),(1918,112,'S34','Seater',0),(1919,112,'S35','Seater',0),(1920,112,'S36','Window',0),(1921,112,'S37','Window',0),(1922,112,'S38','Seater',0),(1923,112,'S39','Seater',0),(1924,112,'S40','Window',0),(1925,112,'S41','Window',0),(1926,112,'S42','Seater',0),(1927,112,'S43','Seater',0),(1928,112,'S44','Window',0),(1929,112,'S45','Window',0),(1930,112,'S46','Seater',0),(1931,112,'S47','Seater',0),(1932,112,'S48','Window',0),(1933,112,'S49','Window',0),(1934,112,'S50','Seater',0),(1935,112,'S51','Seater',0),(1936,112,'S52','Window',0),(1937,113,'L1','Sleeper',0),(1938,113,'L2','Sleeper',0),(1939,113,'L3','Sleeper',0),(1940,113,'L4','Sleeper',0),(1941,113,'L5','Sleeper',0),(1942,113,'L6','Sleeper',0),(1943,113,'L7','Sleeper',0),(1944,113,'L8','Sleeper',0),(1945,113,'L9','Sleeper',0),(1946,113,'L10','Sleeper',0),(1947,113,'L11','Sleeper',0),(1948,113,'L12','Sleeper',0),(1949,113,'L13','Sleeper',0),(1950,113,'L14','Sleeper',0),(1951,113,'L15','Sleeper',0),(1952,113,'L16','Sleeper',0),(1953,113,'L17','Sleeper',0),(1954,113,'L18','Sleeper',0),(1955,113,'L19','Sleeper',0),(1956,113,'L20','Sleeper',0),(1957,113,'L21','Sleeper',0),(1958,113,'L22','Sleeper',0),(1959,113,'L23','Sleeper',0),(1960,113,'L24','Sleeper',0),(1961,113,'L25','Sleeper',0),(1962,113,'L26','Sleeper',0),(1963,113,'L27','Sleeper',0),(1964,113,'L28','Sleeper',0),(1965,113,'L29','Sleeper',0),(1966,113,'L30','Sleeper',0),(1967,113,'L31','Sleeper',0),(1968,113,'L32','Sleeper',0),(1969,113,'L33','Sleeper',0),(1970,113,'L34','Sleeper',0),(1971,113,'L35','Sleeper',0),(1972,113,'L36','Sleeper',0),(1973,113,'L37','Sleeper',0),(1974,113,'L38','Sleeper',0),(1975,113,'L39','Sleeper',0),(1976,113,'L40','Sleeper',0),(1977,114,'S1','Window',0),(1978,114,'S2','Seater',0),(1979,114,'S3','Seater',0),(1980,114,'S4','Window',0),(1981,114,'S5','Window',0),(1982,114,'S6','Seater',0),(1983,114,'S7','Seater',0),(1984,114,'S8','Window',0),(1985,114,'S9','Window',0),(1986,114,'S10','Seater',0),(1987,114,'S11','Seater',0),(1988,114,'S12','Window',0),(1989,114,'S13','Window',0),(1990,114,'S14','Seater',0),(1991,114,'S15','Seater',0),(1992,114,'S16','Window',0),(1993,114,'S17','Window',0),(1994,114,'S18','Seater',0),(1995,114,'S19','Seater',0),(1996,114,'S20','Window',0),(1997,114,'S21','Window',0),(1998,114,'S22','Seater',0),(1999,114,'S23','Seater',0),(2000,114,'S24','Window',0),(2001,114,'S25','Window',0),(2002,114,'S26','Seater',0),(2003,114,'S27','Seater',0),(2004,114,'S28','Window',0),(2005,114,'S29','Window',0),(2006,114,'S30','Seater',0),(2007,114,'S31','Seater',0),(2008,114,'S32','Window',0),(2009,114,'S33','Window',0),(2010,114,'S34','Seater',0),(2011,114,'S35','Seater',0),(2012,114,'S36','Window',0),(2013,114,'S37','Window',0),(2014,114,'S38','Seater',0),(2015,114,'S39','Seater',0),(2016,114,'S40','Window',0),(2017,114,'S41','Window',0),(2018,114,'S42','Seater',0),(2019,114,'S43','Seater',0),(2020,114,'S44','Window',0),(2021,114,'S45','Window',0),(2022,114,'S46','Seater',0),(2023,114,'S47','Seater',0),(2024,114,'S48','Window',0),(2025,114,'S49','Window',0),(2026,114,'S50','Seater',0),(2027,115,'L1','Sleeper',0),(2028,115,'L2','Sleeper',0),(2029,115,'L3','Sleeper',0),(2030,115,'L4','Sleeper',0),(2031,115,'L5','Sleeper',0),(2032,115,'L6','Sleeper',0),(2033,115,'L7','Sleeper',0),(2034,115,'L8','Sleeper',0),(2035,115,'L9','Sleeper',0),(2036,115,'L10','Sleeper',0),(2037,115,'L11','Sleeper',0),(2038,115,'L12','Sleeper',0),(2039,115,'L13','Sleeper',0),(2040,115,'L14','Sleeper',0),(2041,115,'L15','Sleeper',0),(2042,115,'L16','Sleeper',0),(2043,115,'L17','Sleeper',0),(2044,115,'L18','Sleeper',0),(2045,115,'L19','Sleeper',0),(2046,115,'L20','Sleeper',0),(2047,115,'L21','Sleeper',0),(2048,115,'L22','Sleeper',0),(2049,115,'L23','Sleeper',0),(2050,115,'L24','Sleeper',0),(2051,115,'L25','Sleeper',0),(2052,115,'L26','Sleeper',0),(2053,115,'L27','Sleeper',0),(2054,115,'L28','Sleeper',0),(2055,115,'L29','Sleeper',0),(2056,115,'L30','Sleeper',0),(2057,115,'L31','Sleeper',0),(2058,115,'L32','Sleeper',0),(2059,115,'L33','Sleeper',0),(2060,115,'L34','Sleeper',0),(2061,115,'L35','Sleeper',0),(2062,115,'L36','Sleeper',0),(2063,116,'S1','Window',0),(2064,116,'S2','Seater',0),(2065,116,'S3','Seater',0),(2066,116,'S4','Window',0),(2067,116,'S5','Window',0),(2068,116,'S6','Seater',0),(2069,116,'S7','Seater',0),(2070,116,'S8','Window',0),(2071,116,'S9','Window',0),(2072,116,'S10','Seater',0),(2073,116,'S11','Seater',0),(2074,116,'S12','Window',0),(2075,116,'S13','Window',0),(2076,116,'S14','Seater',0),(2077,116,'S15','Seater',0),(2078,116,'S16','Window',0),(2079,116,'S17','Window',0),(2080,116,'S18','Seater',0),(2081,116,'S19','Seater',0),(2082,116,'S20','Window',0),(2083,116,'S21','Window',0),(2084,116,'S22','Seater',0),(2085,116,'S23','Seater',0),(2086,116,'S24','Window',0),(2087,116,'S25','Window',0),(2088,116,'S26','Seater',0),(2089,116,'S27','Seater',0),(2090,116,'S28','Window',0),(2091,116,'S29','Window',0),(2092,116,'S30','Seater',0),(2093,116,'S31','Seater',0),(2094,116,'S32','Window',0),(2095,116,'S33','Window',0),(2096,116,'S34','Seater',0),(2097,116,'S35','Seater',0),(2098,116,'S36','Window',0),(2099,116,'S37','Window',0),(2100,116,'S38','Seater',0),(2101,116,'S39','Seater',0),(2102,116,'S40','Window',0),(2103,116,'S41','Window',0),(2104,116,'S42','Seater',0),(2105,116,'S43','Seater',0),(2106,116,'S44','Window',0),(2107,116,'S45','Window',0),(2108,116,'S46','Seater',0),(2109,116,'S47','Seater',0),(2110,116,'S48','Window',0),(2111,116,'S49','Window',0),(2112,116,'S50','Seater',0),(2113,116,'S51','Seater',0),(2114,116,'S52','Window',0),(2115,116,'S53','Window',0),(2116,116,'S54','Seater',0),(2117,116,'S55','Seater',0),(2118,117,'L1','Sleeper',0),(2119,117,'L2','Sleeper',0),(2120,117,'L3','Sleeper',0),(2121,117,'L4','Sleeper',0),(2122,117,'L5','Sleeper',0),(2123,117,'L6','Sleeper',0),(2124,117,'L7','Sleeper',0),(2125,117,'L8','Sleeper',0),(2126,117,'L9','Sleeper',0),(2127,117,'L10','Sleeper',0),(2128,117,'L11','Sleeper',0),(2129,117,'L12','Sleeper',0),(2130,117,'L13','Sleeper',0),(2131,117,'L14','Sleeper',0),(2132,117,'L15','Sleeper',0),(2133,117,'L16','Sleeper',0),(2134,117,'L17','Sleeper',0),(2135,117,'L18','Sleeper',0),(2136,117,'L19','Sleeper',0),(2137,117,'L20','Sleeper',0),(2138,117,'L21','Sleeper',0),(2139,117,'L22','Sleeper',0),(2140,117,'L23','Sleeper',0),(2141,117,'L24','Sleeper',0),(2142,117,'L25','Sleeper',0),(2143,117,'L26','Sleeper',0),(2144,117,'L27','Sleeper',0),(2145,117,'L28','Sleeper',0),(2146,117,'L29','Sleeper',0),(2147,117,'L30','Sleeper',0),(2148,117,'L31','Sleeper',0),(2149,117,'L32','Sleeper',0),(2150,117,'L33','Sleeper',0),(2151,117,'L34','Sleeper',0),(2152,117,'L35','Sleeper',0),(2153,117,'L36','Sleeper',0),(2154,117,'L37','Sleeper',0),(2155,117,'L38','Sleeper',0),(2156,117,'L39','Sleeper',0),(2157,117,'L40','Sleeper',0),(2158,117,'L41','Sleeper',0),(2159,117,'L42','Sleeper',0),(2160,118,'S1','Window',0),(2161,118,'S2','Seater',0),(2162,118,'S3','Seater',0),(2163,118,'S4','Window',0),(2164,118,'S5','Window',0),(2165,118,'S6','Seater',0),(2166,118,'S7','Seater',0),(2167,118,'S8','Window',0),(2168,118,'S9','Window',0),(2169,118,'S10','Seater',0),(2170,118,'S11','Seater',0),(2171,118,'S12','Window',0),(2172,118,'S13','Window',0),(2173,118,'S14','Seater',0),(2174,118,'S15','Seater',0),(2175,118,'S16','Window',0),(2176,118,'S17','Window',0),(2177,118,'S18','Seater',0),(2178,118,'S19','Seater',0),(2179,118,'S20','Window',0),(2180,118,'S21','Window',0),(2181,118,'S22','Seater',0),(2182,118,'S23','Seater',0),(2183,118,'S24','Window',0),(2184,118,'S25','Window',0),(2185,118,'S26','Seater',0),(2186,118,'S27','Seater',0),(2187,118,'S28','Window',0),(2188,118,'S29','Window',0),(2189,118,'S30','Seater',0),(2190,118,'S31','Seater',0),(2191,118,'S32','Window',0),(2192,118,'S33','Window',0),(2193,118,'S34','Seater',0),(2194,118,'S35','Seater',0),(2195,118,'S36','Window',0),(2196,118,'S37','Window',0),(2197,118,'S38','Seater',0),(2198,118,'S39','Seater',0),(2199,118,'S40','Window',0),(2200,118,'S41','Window',0),(2201,118,'S42','Seater',0),(2202,118,'S43','Seater',0),(2203,118,'S44','Window',0),(2204,118,'S45','Window',0),(2205,118,'S46','Seater',0),(2206,118,'S47','Seater',0),(2207,118,'S48','Window',0),(2208,118,'S49','Window',0),(2209,118,'S50','Seater',0),(2210,119,'S1','Window',0),(2211,119,'S2','Seater',0),(2212,119,'S3','Seater',0),(2213,119,'S4','Window',0),(2214,119,'S5','Window',0),(2215,119,'S6','Seater',0),(2216,119,'S7','Seater',0),(2217,119,'S8','Window',0),(2218,119,'S9','Window',0),(2219,119,'S10','Seater',0),(2220,119,'S11','Seater',0),(2221,119,'S12','Window',0),(2222,119,'S13','Window',0),(2223,119,'S14','Seater',0),(2224,119,'S15','Seater',0),(2225,119,'S16','Window',0),(2226,119,'S17','Window',0),(2227,119,'S18','Seater',0),(2228,119,'S19','Seater',0),(2229,119,'S20','Window',0),(2230,119,'S21','Window',0),(2231,119,'S22','Seater',0),(2232,119,'S23','Seater',0),(2233,119,'S24','Window',0),(2234,119,'S25','Window',0),(2235,119,'S26','Seater',0),(2236,119,'S27','Seater',0),(2237,119,'S28','Window',0),(2238,119,'S29','Window',0),(2239,119,'S30','Seater',0),(2240,119,'S31','Seater',0),(2241,119,'S32','Window',0),(2242,119,'S33','Window',0),(2243,119,'S34','Seater',0),(2244,119,'S35','Seater',0),(2245,119,'S36','Window',0),(2246,119,'S37','Window',0),(2247,119,'S38','Seater',0),(2248,119,'S39','Seater',0),(2249,119,'S40','Window',0),(2250,119,'S41','Window',0),(2251,119,'S42','Seater',0),(2252,119,'S43','Seater',0),(2253,119,'S44','Window',0),(2254,119,'S45','Window',0),(2255,119,'S46','Seater',0),(2256,119,'S47','Seater',0),(2257,119,'S48','Window',0),(2258,119,'S49','Window',0),(2259,120,'L1','Sleeper',0),(2260,120,'L2','Sleeper',0),(2261,120,'L3','Sleeper',0),(2262,120,'L4','Sleeper',0),(2263,120,'L5','Sleeper',0),(2264,120,'L6','Sleeper',0),(2265,120,'L7','Sleeper',0),(2266,120,'L8','Sleeper',0),(2267,120,'L9','Sleeper',0),(2268,120,'L10','Sleeper',0),(2269,120,'L11','Sleeper',0),(2270,120,'L12','Sleeper',0),(2271,120,'L13','Sleeper',0),(2272,120,'L14','Sleeper',0),(2273,120,'L15','Sleeper',0),(2274,120,'L16','Sleeper',0),(2275,120,'L17','Sleeper',0),(2276,120,'L18','Sleeper',0),(2277,120,'L19','Sleeper',0),(2278,120,'L20','Sleeper',0),(2279,120,'L21','Sleeper',0),(2280,120,'L22','Sleeper',0),(2281,120,'L23','Sleeper',0),(2282,120,'L24','Sleeper',0),(2283,120,'L25','Sleeper',0),(2284,120,'L26','Sleeper',0),(2285,120,'L27','Sleeper',0),(2286,120,'L28','Sleeper',0),(2287,120,'L29','Sleeper',0),(2288,120,'L30','Sleeper',0),(2289,120,'L31','Sleeper',0),(2290,120,'L32','Sleeper',0),(2291,120,'L33','Sleeper',0),(2292,120,'L34','Sleeper',0),(2293,120,'L35','Sleeper',0),(2294,120,'L36','Sleeper',0),(2295,120,'L37','Sleeper',0),(2296,120,'L38','Sleeper',0),(2297,120,'L39','Sleeper',0),(2298,120,'L40','Sleeper',0),(2299,121,'S1','Window',0),(2300,121,'S2','Seater',0),(2301,121,'S3','Seater',0),(2302,121,'S4','Window',0),(2303,121,'S5','Window',0),(2304,121,'S6','Seater',0),(2305,121,'S7','Seater',0),(2306,121,'S8','Window',0),(2307,121,'S9','Window',0),(2308,121,'S10','Seater',0),(2309,121,'S11','Seater',0),(2310,121,'S12','Window',0),(2311,121,'S13','Window',0),(2312,121,'S14','Seater',0),(2313,121,'S15','Seater',0),(2314,121,'S16','Window',0),(2315,121,'S17','Window',0),(2316,121,'S18','Seater',0),(2317,121,'S19','Seater',0),(2318,121,'S20','Window',0),(2319,121,'S21','Window',0),(2320,121,'S22','Seater',0),(2321,121,'S23','Seater',0),(2322,121,'S24','Window',0),(2323,121,'S25','Window',0),(2324,121,'S26','Seater',0),(2325,121,'S27','Seater',0),(2326,121,'S28','Window',0),(2327,121,'S29','Window',0),(2328,121,'S30','Seater',0),(2329,121,'S31','Seater',0),(2330,121,'S32','Window',0),(2331,121,'S33','Window',0),(2332,121,'S34','Seater',0),(2333,121,'S35','Seater',0),(2334,121,'S36','Window',0),(2335,121,'S37','Window',0),(2336,121,'S38','Seater',0),(2337,121,'S39','Seater',0),(2338,121,'S40','Window',0),(2339,121,'S41','Window',0),(2340,121,'S42','Seater',0),(2341,121,'S43','Seater',0),(2342,121,'S44','Window',0),(2343,121,'S45','Window',0),(2344,121,'S46','Seater',0),(2345,121,'S47','Seater',0),(2346,121,'S48','Window',0),(2347,121,'S49','Window',0),(2348,121,'S50','Seater',0),(2349,121,'S51','Seater',0),(2350,122,'S1','Window',0),(2351,122,'S2','Seater',0),(2352,122,'S3','Seater',0),(2353,122,'S4','Window',0),(2354,122,'S5','Window',0),(2355,122,'S6','Seater',0),(2356,122,'S7','Seater',0),(2357,122,'S8','Window',0),(2358,122,'S9','Window',0),(2359,122,'S10','Seater',0),(2360,122,'S11','Seater',0),(2361,122,'S12','Window',0),(2362,122,'S13','Window',0),(2363,122,'S14','Seater',0),(2364,122,'S15','Seater',0),(2365,122,'S16','Window',0),(2366,122,'S17','Window',0),(2367,122,'S18','Seater',0),(2368,122,'S19','Seater',0),(2369,122,'S20','Window',0),(2370,122,'S21','Window',0),(2371,122,'S22','Seater',0),(2372,122,'S23','Seater',0),(2373,122,'S24','Window',0),(2374,122,'S25','Window',0),(2375,122,'S26','Seater',0),(2376,122,'S27','Seater',0),(2377,122,'S28','Window',0),(2378,122,'S29','Window',0),(2379,122,'S30','Seater',0),(2380,122,'S31','Seater',0),(2381,122,'S32','Window',0),(2382,122,'S33','Window',0),(2383,122,'S34','Seater',0),(2384,122,'S35','Seater',0),(2385,122,'S36','Window',0),(2386,122,'S37','Window',0),(2387,122,'S38','Seater',0),(2388,122,'S39','Seater',0),(2389,122,'S40','Window',0),(2390,122,'S41','Window',0),(2391,122,'S42','Seater',0),(2392,122,'S43','Seater',0),(2393,122,'S44','Window',0),(2394,122,'S45','Window',0),(2395,122,'S46','Seater',0),(2396,122,'S47','Seater',0),(2397,122,'S48','Window',0),(2398,123,'L1','Sleeper',0),(2399,123,'L2','Sleeper',0),(2400,123,'L3','Sleeper',0),(2401,123,'L4','Sleeper',0),(2402,123,'L5','Sleeper',0),(2403,123,'L6','Sleeper',0),(2404,123,'L7','Sleeper',0),(2405,123,'L8','Sleeper',0),(2406,123,'L9','Sleeper',0),(2407,123,'L10','Sleeper',0),(2408,123,'L11','Sleeper',0),(2409,123,'L12','Sleeper',0),(2410,123,'L13','Sleeper',0),(2411,123,'L14','Sleeper',0),(2412,123,'L15','Sleeper',0),(2413,123,'L16','Sleeper',0),(2414,123,'L17','Sleeper',0),(2415,123,'L18','Sleeper',0),(2416,123,'L19','Sleeper',0),(2417,123,'L20','Sleeper',0),(2418,123,'L21','Sleeper',0),(2419,123,'L22','Sleeper',0),(2420,123,'L23','Sleeper',0),(2421,123,'L24','Sleeper',0),(2422,123,'L25','Sleeper',0),(2423,123,'L26','Sleeper',0),(2424,123,'L27','Sleeper',0),(2425,123,'L28','Sleeper',0),(2426,123,'L29','Sleeper',0),(2427,123,'L30','Sleeper',0),(2428,123,'L31','Sleeper',0),(2429,123,'L32','Sleeper',0),(2430,123,'L33','Sleeper',0),(2431,123,'L34','Sleeper',0),(2432,123,'L35','Sleeper',0),(2433,123,'L36','Sleeper',0),(2434,123,'L37','Sleeper',0),(2435,123,'L38','Sleeper',0),(2436,123,'L39','Sleeper',0),(2437,123,'L40','Sleeper',0),(2438,124,'S1','Window',0),(2439,124,'S2','Seater',0),(2440,124,'S3','Seater',0),(2441,124,'S4','Window',0),(2442,124,'S5','Window',0),(2443,124,'S6','Seater',0),(2444,124,'S7','Seater',0),(2445,124,'S8','Window',0),(2446,124,'S9','Window',0),(2447,124,'S10','Seater',0),(2448,124,'S11','Seater',0),(2449,124,'S12','Window',0),(2450,124,'S13','Window',0),(2451,124,'S14','Seater',0),(2452,124,'S15','Seater',0),(2453,124,'S16','Window',0),(2454,124,'S17','Window',0),(2455,124,'S18','Seater',0),(2456,124,'S19','Seater',0),(2457,124,'S20','Window',0),(2458,124,'S21','Window',0),(2459,124,'S22','Seater',0),(2460,124,'S23','Seater',0),(2461,124,'S24','Window',0),(2462,124,'S25','Window',0),(2463,124,'S26','Seater',0),(2464,124,'S27','Seater',0),(2465,124,'S28','Window',0),(2466,124,'S29','Window',0),(2467,124,'S30','Seater',0),(2468,124,'S31','Seater',0),(2469,124,'S32','Window',0),(2470,124,'S33','Window',0),(2471,124,'S34','Seater',0),(2472,124,'S35','Seater',0),(2473,124,'S36','Window',0),(2474,124,'S37','Window',0),(2475,124,'S38','Seater',0),(2476,124,'S39','Seater',0),(2477,124,'S40','Window',0),(2478,124,'S41','Window',0),(2479,124,'S42','Seater',0),(2480,124,'S43','Seater',0),(2481,124,'S44','Window',0),(2482,124,'S45','Window',0),(2483,124,'S46','Seater',0),(2484,124,'S47','Seater',0),(2485,124,'S48','Window',0),(2486,124,'S49','Window',0),(2487,124,'S50','Seater',0),(2488,124,'S51','Seater',0),(2489,124,'S52','Window',0),(2490,125,'L1','Sleeper',0),(2491,125,'L2','Sleeper',0),(2492,125,'L3','Sleeper',0),(2493,125,'L4','Sleeper',0),(2494,125,'L5','Sleeper',0),(2495,125,'L6','Sleeper',0),(2496,125,'L7','Sleeper',0),(2497,125,'L8','Sleeper',0),(2498,125,'L9','Sleeper',0),(2499,125,'L10','Sleeper',0),(2500,125,'L11','Sleeper',0),(2501,125,'L12','Sleeper',0),(2502,125,'L13','Sleeper',0),(2503,125,'L14','Sleeper',0),(2504,125,'L15','Sleeper',0),(2505,125,'L16','Sleeper',0),(2506,125,'L17','Sleeper',0),(2507,125,'L18','Sleeper',0),(2508,125,'L19','Sleeper',0),(2509,125,'L20','Sleeper',0),(2510,125,'L21','Sleeper',0),(2511,125,'L22','Sleeper',0),(2512,125,'L23','Sleeper',0),(2513,125,'L24','Sleeper',0),(2514,125,'L25','Sleeper',0),(2515,125,'L26','Sleeper',0),(2516,125,'L27','Sleeper',0),(2517,125,'L28','Sleeper',0),(2518,125,'L29','Sleeper',0),(2519,125,'L30','Sleeper',0),(2520,125,'L31','Sleeper',0),(2521,125,'L32','Sleeper',0),(2522,125,'L33','Sleeper',0),(2523,125,'L34','Sleeper',0),(2524,125,'L35','Sleeper',0),(2525,125,'L36','Sleeper',0),(2526,126,'S1','Window',0),(2527,126,'S2','Seater',0),(2528,126,'S3','Seater',0),(2529,126,'S4','Window',0),(2530,126,'S5','Window',0),(2531,126,'S6','Seater',0),(2532,126,'S7','Seater',0),(2533,126,'S8','Window',0),(2534,126,'S9','Window',0),(2535,126,'S10','Seater',0),(2536,126,'S11','Seater',0),(2537,126,'S12','Window',0),(2538,126,'S13','Window',0),(2539,126,'S14','Seater',0),(2540,126,'S15','Seater',0),(2541,126,'S16','Window',0),(2542,126,'S17','Window',0),(2543,126,'S18','Seater',0),(2544,126,'S19','Seater',0),(2545,126,'S20','Window',0),(2546,126,'S21','Window',0),(2547,126,'S22','Seater',0),(2548,126,'S23','Seater',0),(2549,126,'S24','Window',0),(2550,126,'S25','Window',0),(2551,126,'S26','Seater',0),(2552,126,'S27','Seater',0),(2553,126,'S28','Window',0),(2554,126,'S29','Window',0),(2555,126,'S30','Seater',0),(2556,126,'S31','Seater',0),(2557,126,'S32','Window',0),(2558,126,'S33','Window',0),(2559,126,'S34','Seater',0),(2560,126,'S35','Seater',0),(2561,126,'S36','Window',0),(2562,126,'S37','Window',0),(2563,126,'S38','Seater',0),(2564,126,'S39','Seater',0),(2565,126,'S40','Window',0),(2566,126,'S41','Window',0),(2567,126,'S42','Seater',0),(2568,126,'S43','Seater',0),(2569,126,'S44','Window',0),(2570,126,'S45','Window',0),(2571,126,'S46','Seater',0),(2572,126,'S47','Seater',0),(2573,126,'S48','Window',0),(2574,126,'S49','Window',0),(2575,126,'S50','Seater',0),(2576,126,'S51','Seater',0),(2577,126,'S52','Window',0),(2578,126,'S53','Window',0),(2579,126,'S54','Seater',0),(2580,126,'S55','Seater',0),(2581,127,'S1','Window',0),(2582,127,'S2','Seater',0),(2583,127,'S3','Seater',0),(2584,127,'S4','Window',0),(2585,127,'S5','Window',0),(2586,127,'S6','Seater',0),(2587,127,'S7','Seater',0),(2588,127,'S8','Window',0),(2589,127,'S9','Window',0),(2590,127,'S10','Seater',0),(2591,127,'S11','Seater',0),(2592,127,'S12','Window',0),(2593,127,'S13','Window',0),(2594,127,'S14','Seater',0),(2595,127,'S15','Seater',0),(2596,127,'S16','Window',0),(2597,127,'S17','Window',0),(2598,127,'S18','Seater',0),(2599,127,'S19','Seater',0),(2600,127,'S20','Window',0),(2601,127,'S21','Window',0),(2602,127,'S22','Seater',0),(2603,127,'S23','Seater',0),(2604,127,'S24','Window',0),(2605,127,'S25','Window',0),(2606,127,'S26','Seater',0),(2607,127,'S27','Seater',0),(2608,127,'S28','Window',0),(2609,127,'S29','Window',0),(2610,127,'S30','Seater',0),(2611,127,'S31','Seater',0),(2612,127,'S32','Window',0),(2613,127,'S33','Window',0),(2614,127,'S34','Seater',0),(2615,127,'S35','Seater',0),(2616,127,'S36','Window',0),(2617,127,'S37','Window',0),(2618,127,'S38','Seater',0),(2619,127,'S39','Seater',0),(2620,127,'S40','Window',0),(2621,127,'S41','Window',0),(2622,127,'S42','Seater',0),(2623,127,'S43','Seater',0),(2624,127,'S44','Window',0),(2625,127,'S45','Window',0),(2626,127,'S46','Seater',0),(2627,127,'S47','Seater',0),(2628,127,'S48','Window',0),(2629,127,'S49','Window',0),(2630,127,'S50','Seater',0),(2631,128,'L1','Sleeper',0),(2632,128,'L2','Sleeper',0),(2633,128,'L3','Sleeper',0),(2634,128,'L4','Sleeper',0),(2635,128,'L5','Sleeper',0),(2636,128,'L6','Sleeper',0),(2637,128,'L7','Sleeper',0),(2638,128,'L8','Sleeper',0),(2639,128,'L9','Sleeper',0),(2640,128,'L10','Sleeper',0),(2641,128,'L11','Sleeper',0),(2642,128,'L12','Sleeper',0),(2643,128,'L13','Sleeper',0),(2644,128,'L14','Sleeper',0),(2645,128,'L15','Sleeper',0),(2646,128,'L16','Sleeper',0),(2647,128,'L17','Sleeper',0),(2648,128,'L18','Sleeper',0),(2649,128,'L19','Sleeper',0),(2650,128,'L20','Sleeper',0),(2651,128,'L21','Sleeper',0),(2652,128,'L22','Sleeper',0),(2653,128,'L23','Sleeper',0),(2654,128,'L24','Sleeper',0),(2655,128,'L25','Sleeper',0),(2656,128,'L26','Sleeper',0),(2657,128,'L27','Sleeper',0),(2658,128,'L28','Sleeper',0),(2659,128,'L29','Sleeper',0),(2660,128,'L30','Sleeper',0),(2661,128,'L31','Sleeper',0),(2662,128,'L32','Sleeper',0),(2663,128,'L33','Sleeper',0),(2664,128,'L34','Sleeper',0),(2665,128,'L35','Sleeper',0),(2666,128,'L36','Sleeper',0),(2667,128,'L37','Sleeper',0),(2668,128,'L38','Sleeper',0),(2669,128,'L39','Sleeper',0),(2670,128,'L40','Sleeper',0),(2671,128,'L41','Sleeper',0),(2672,128,'L42','Sleeper',0),(2673,129,'S1','Window',0),(2674,129,'S2','Seater',0),(2675,129,'S3','Seater',0),(2676,129,'S4','Window',0),(2677,129,'S5','Window',0),(2678,129,'S6','Seater',0),(2679,129,'S7','Seater',0),(2680,129,'S8','Window',0),(2681,129,'S9','Window',0),(2682,129,'S10','Seater',0),(2683,129,'S11','Seater',0),(2684,129,'S12','Window',0),(2685,129,'S13','Window',0),(2686,129,'S14','Seater',0),(2687,129,'S15','Seater',0),(2688,129,'S16','Window',0),(2689,129,'S17','Window',0),(2690,129,'S18','Seater',0),(2691,129,'S19','Seater',0),(2692,129,'S20','Window',0),(2693,129,'S21','Window',0),(2694,129,'S22','Seater',0),(2695,129,'S23','Seater',0),(2696,129,'S24','Window',0),(2697,129,'S25','Window',0),(2698,129,'S26','Seater',0),(2699,129,'S27','Seater',0),(2700,129,'S28','Window',0),(2701,129,'S29','Window',0),(2702,129,'S30','Seater',0),(2703,129,'S31','Seater',0),(2704,129,'S32','Window',0),(2705,129,'S33','Window',0),(2706,129,'S34','Seater',0),(2707,129,'S35','Seater',0),(2708,129,'S36','Window',0),(2709,129,'S37','Window',0),(2710,129,'S38','Seater',0),(2711,129,'S39','Seater',0),(2712,129,'S40','Window',0),(2713,129,'S41','Window',0),(2714,129,'S42','Seater',0),(2715,129,'S43','Seater',0),(2716,129,'S44','Window',0),(2717,129,'S45','Window',0),(2718,129,'S46','Seater',0),(2719,129,'S47','Seater',0),(2720,129,'S48','Window',0),(2721,129,'S49','Window',0),(2722,129,'S50','Seater',0),(2723,130,'S1','Window',0),(2724,130,'S2','Seater',0),(2725,130,'S3','Seater',0),(2726,130,'S4','Window',0),(2727,130,'S5','Window',0),(2728,130,'S6','Seater',0),(2729,130,'S7','Seater',0),(2730,130,'S8','Window',0),(2731,130,'S9','Window',0),(2732,130,'S10','Seater',0),(2733,130,'S11','Seater',0),(2734,130,'S12','Window',0),(2735,130,'S13','Window',0),(2736,130,'S14','Seater',0),(2737,130,'S15','Seater',0),(2738,130,'S16','Window',0),(2739,130,'S17','Window',0),(2740,130,'S18','Seater',0),(2741,130,'S19','Seater',0),(2742,130,'S20','Window',0),(2743,130,'S21','Window',0),(2744,130,'S22','Seater',0),(2745,130,'S23','Seater',0),(2746,130,'S24','Window',0),(2747,130,'S25','Window',0),(2748,130,'S26','Seater',0),(2749,130,'S27','Seater',0),(2750,130,'S28','Window',0),(2751,130,'S29','Window',0),(2752,130,'S30','Seater',0),(2753,130,'S31','Seater',0),(2754,130,'S32','Window',0),(2755,130,'S33','Window',0),(2756,130,'S34','Seater',0),(2757,130,'S35','Seater',0),(2758,130,'S36','Window',0),(2759,130,'S37','Window',0),(2760,130,'S38','Seater',0),(2761,130,'S39','Seater',0),(2762,130,'S40','Window',0),(2763,130,'S41','Window',0),(2764,130,'S42','Seater',0),(2765,130,'S43','Seater',0),(2766,130,'S44','Window',0),(2767,130,'S45','Window',0),(2768,130,'S46','Seater',0),(2769,130,'S47','Seater',0),(2770,130,'S48','Window',0),(2771,130,'S49','Window',0),(2772,131,'L1','Sleeper',0),(2773,131,'L2','Sleeper',0),(2774,131,'L3','Sleeper',0),(2775,131,'L4','Sleeper',0),(2776,131,'L5','Sleeper',0),(2777,131,'L6','Sleeper',0),(2778,131,'L7','Sleeper',0),(2779,131,'L8','Sleeper',0),(2780,131,'L9','Sleeper',0),(2781,131,'L10','Sleeper',0),(2782,131,'L11','Sleeper',0),(2783,131,'L12','Sleeper',0),(2784,131,'L13','Sleeper',0),(2785,131,'L14','Sleeper',0),(2786,131,'L15','Sleeper',0),(2787,131,'L16','Sleeper',0),(2788,131,'L17','Sleeper',0),(2789,131,'L18','Sleeper',0),(2790,131,'L19','Sleeper',0),(2791,131,'L20','Sleeper',0),(2792,131,'L21','Sleeper',0),(2793,131,'L22','Sleeper',0),(2794,131,'L23','Sleeper',0),(2795,131,'L24','Sleeper',0),(2796,131,'L25','Sleeper',0),(2797,131,'L26','Sleeper',0),(2798,131,'L27','Sleeper',0),(2799,131,'L28','Sleeper',0),(2800,131,'L29','Sleeper',0),(2801,131,'L30','Sleeper',0),(2802,131,'L31','Sleeper',0),(2803,131,'L32','Sleeper',0),(2804,131,'L33','Sleeper',0),(2805,131,'L34','Sleeper',0),(2806,131,'L35','Sleeper',0),(2807,131,'L36','Sleeper',0),(2808,131,'L37','Sleeper',0),(2809,131,'L38','Sleeper',0),(2810,131,'L39','Sleeper',0),(2811,131,'L40','Sleeper',0),(2812,132,'S1','Window',0),(2813,132,'S2','Seater',0),(2814,132,'S3','Seater',0),(2815,132,'S4','Window',0),(2816,132,'S5','Window',0),(2817,132,'S6','Seater',0),(2818,132,'S7','Seater',0),(2819,132,'S8','Window',0),(2820,132,'S9','Window',0),(2821,132,'S10','Seater',0),(2822,132,'S11','Seater',0),(2823,132,'S12','Window',0),(2824,132,'S13','Window',0),(2825,132,'S14','Seater',0),(2826,132,'S15','Seater',0),(2827,132,'S16','Window',0),(2828,132,'S17','Window',0),(2829,132,'S18','Seater',0),(2830,132,'S19','Seater',0),(2831,132,'S20','Window',0),(2832,132,'S21','Window',0),(2833,132,'S22','Seater',0),(2834,132,'S23','Seater',0),(2835,132,'S24','Window',0),(2836,132,'S25','Window',0),(2837,132,'S26','Seater',0),(2838,132,'S27','Seater',0),(2839,132,'S28','Window',0),(2840,132,'S29','Window',0),(2841,132,'S30','Seater',0),(2842,132,'S31','Seater',0),(2843,132,'S32','Window',0),(2844,132,'S33','Window',0),(2845,132,'S34','Seater',0),(2846,132,'S35','Seater',0),(2847,132,'S36','Window',0),(2848,132,'S37','Window',0),(2849,132,'S38','Seater',0),(2850,132,'S39','Seater',0),(2851,132,'S40','Window',0),(2852,132,'S41','Window',0),(2853,132,'S42','Seater',0),(2854,132,'S43','Seater',0),(2855,132,'S44','Window',0),(2856,132,'S45','Window',0),(2857,132,'S46','Seater',0),(2858,132,'S47','Seater',0),(2859,132,'S48','Window',0),(2860,132,'S49','Window',0),(2861,132,'S50','Seater',0),(2862,133,'L1','Sleeper',0),(2863,133,'L2','Sleeper',0),(2864,133,'L3','Sleeper',0),(2865,133,'L4','Sleeper',0),(2866,133,'L5','Sleeper',0),(2867,133,'L6','Sleeper',0),(2868,133,'L7','Sleeper',0),(2869,133,'L8','Sleeper',0),(2870,133,'L9','Sleeper',0),(2871,133,'L10','Sleeper',0),(2872,133,'L11','Sleeper',0),(2873,133,'L12','Sleeper',0),(2874,133,'L13','Sleeper',0),(2875,133,'L14','Sleeper',0),(2876,133,'L15','Sleeper',0),(2877,133,'L16','Sleeper',0),(2878,133,'L17','Sleeper',0),(2879,133,'L18','Sleeper',0),(2880,133,'L19','Sleeper',0),(2881,133,'L20','Sleeper',0),(2882,133,'L21','Sleeper',0),(2883,133,'L22','Sleeper',0),(2884,133,'L23','Sleeper',0),(2885,133,'L24','Sleeper',0),(2886,133,'L25','Sleeper',0),(2887,133,'L26','Sleeper',0),(2888,133,'L27','Sleeper',0),(2889,133,'L28','Sleeper',0),(2890,133,'L29','Sleeper',0),(2891,133,'L30','Sleeper',0),(2892,133,'L31','Sleeper',0),(2893,133,'L32','Sleeper',0),(2894,133,'L33','Sleeper',0),(2895,133,'L34','Sleeper',0),(2896,133,'L35','Sleeper',0),(2897,133,'L36','Sleeper',0),(2898,133,'L37','Sleeper',0),(2899,133,'L38','Sleeper',0),(2900,133,'L39','Sleeper',0),(2901,133,'L40','Sleeper',0),(2902,134,'S1','Window',0),(2903,134,'S2','Seater',0),(2904,134,'S3','Seater',0),(2905,134,'S4','Window',0),(2906,134,'S5','Window',0),(2907,134,'S6','Seater',0),(2908,134,'S7','Seater',0),(2909,134,'S8','Window',0),(2910,134,'S9','Window',0),(2911,134,'S10','Seater',0),(2912,134,'S11','Seater',0),(2913,134,'S12','Window',0),(2914,134,'S13','Window',0),(2915,134,'S14','Seater',0),(2916,134,'S15','Seater',0),(2917,134,'S16','Window',0),(2918,134,'S17','Window',0),(2919,134,'S18','Seater',0),(2920,134,'S19','Seater',0),(2921,134,'S20','Window',0),(2922,134,'S21','Window',0),(2923,134,'S22','Seater',0),(2924,134,'S23','Seater',0),(2925,134,'S24','Window',0),(2926,134,'S25','Window',0),(2927,134,'S26','Seater',0),(2928,134,'S27','Seater',0),(2929,134,'S28','Window',0),(2930,134,'S29','Window',0),(2931,134,'S30','Seater',0),(2932,134,'S31','Seater',0),(2933,134,'S32','Window',0),(2934,134,'S33','Window',0),(2935,134,'S34','Seater',0),(2936,134,'S35','Seater',0),(2937,134,'S36','Window',0),(2938,134,'S37','Window',0),(2939,134,'S38','Seater',0),(2940,134,'S39','Seater',0),(2941,134,'S40','Window',0),(2942,134,'S41','Window',0),(2943,134,'S42','Seater',0),(2944,134,'S43','Seater',0),(2945,134,'S44','Window',0),(2946,134,'S45','Window',0),(2947,134,'S46','Seater',0),(2948,134,'S47','Seater',0),(2949,134,'S48','Window',0),(2950,135,'L1','Sleeper',0),(2951,135,'L2','Sleeper',0),(2952,135,'L3','Sleeper',0),(2953,135,'L4','Sleeper',0),(2954,135,'L5','Sleeper',0),(2955,135,'L6','Sleeper',0),(2956,135,'L7','Sleeper',0),(2957,135,'L8','Sleeper',0),(2958,135,'L9','Sleeper',0),(2959,135,'L10','Sleeper',0),(2960,135,'L11','Sleeper',0),(2961,135,'L12','Sleeper',0),(2962,135,'L13','Sleeper',0),(2963,135,'L14','Sleeper',0),(2964,135,'L15','Sleeper',0),(2965,135,'L16','Sleeper',0),(2966,135,'L17','Sleeper',0),(2967,135,'L18','Sleeper',0),(2968,135,'L19','Sleeper',0),(2969,135,'L20','Sleeper',0),(2970,135,'L21','Sleeper',0),(2971,135,'L22','Sleeper',0),(2972,135,'L23','Sleeper',0),(2973,135,'L24','Sleeper',0),(2974,135,'L25','Sleeper',0),(2975,135,'L26','Sleeper',0),(2976,135,'L27','Sleeper',0),(2977,135,'L28','Sleeper',0),(2978,135,'L29','Sleeper',0),(2979,135,'L30','Sleeper',0),(2980,135,'L31','Sleeper',0),(2981,135,'L32','Sleeper',0),(2982,135,'L33','Sleeper',0),(2983,135,'L34','Sleeper',0),(2984,135,'L35','Sleeper',0),(2985,135,'L36','Sleeper',0),(2986,136,'S1','Window',0),(2987,136,'S2','Seater',0),(2988,136,'S3','Seater',0),(2989,136,'S4','Window',0),(2990,136,'S5','Window',0),(2991,136,'S6','Seater',0),(2992,136,'S7','Seater',0),(2993,136,'S8','Window',0),(2994,136,'S9','Window',0),(2995,136,'S10','Seater',0),(2996,136,'S11','Seater',0),(2997,136,'S12','Window',0),(2998,136,'S13','Window',0),(2999,136,'S14','Seater',0),(3000,136,'S15','Seater',0),(3001,136,'S16','Window',0),(3002,136,'S17','Window',0),(3003,136,'S18','Seater',0),(3004,136,'S19','Seater',0),(3005,136,'S20','Window',0),(3006,136,'S21','Window',0),(3007,136,'S22','Seater',0),(3008,136,'S23','Seater',0),(3009,136,'S24','Window',0),(3010,136,'S25','Window',0),(3011,136,'S26','Seater',0),(3012,136,'S27','Seater',0),(3013,136,'S28','Window',0),(3014,136,'S29','Window',0),(3015,136,'S30','Seater',0),(3016,136,'S31','Seater',0),(3017,136,'S32','Window',0),(3018,136,'S33','Window',0),(3019,136,'S34','Seater',0),(3020,136,'S35','Seater',0),(3021,136,'S36','Window',0),(3022,136,'S37','Window',0),(3023,136,'S38','Seater',0),(3024,136,'S39','Seater',0),(3025,136,'S40','Window',0),(3026,136,'S41','Window',0),(3027,136,'S42','Seater',0),(3028,136,'S43','Seater',0),(3029,136,'S44','Window',0),(3030,136,'S45','Window',0),(3031,136,'S46','Seater',0),(3032,136,'S47','Seater',0),(3033,136,'S48','Window',0),(3034,136,'S49','Window',0),(3035,136,'S50','Seater',0),(3036,136,'S51','Seater',0),(3037,136,'S52','Window',0),(3038,136,'S53','Window',0),(3039,136,'S54','Seater',0),(3040,136,'S55','Seater',0),(3041,137,'S1','Window',0),(3042,137,'S2','Seater',0),(3043,137,'S3','Seater',0),(3044,137,'S4','Window',0),(3045,137,'S5','Window',0),(3046,137,'S6','Seater',0),(3047,137,'S7','Seater',0),(3048,137,'S8','Window',0),(3049,137,'S9','Window',0),(3050,137,'S10','Seater',0),(3051,137,'S11','Seater',0),(3052,137,'S12','Window',0),(3053,137,'S13','Window',0),(3054,137,'S14','Seater',0),(3055,137,'S15','Seater',0),(3056,137,'S16','Window',0),(3057,137,'S17','Window',0),(3058,137,'S18','Seater',0),(3059,137,'S19','Seater',0),(3060,137,'S20','Window',0),(3061,137,'S21','Window',0),(3062,137,'S22','Seater',0),(3063,137,'S23','Seater',0),(3064,137,'S24','Window',0),(3065,137,'S25','Window',0),(3066,137,'S26','Seater',0),(3067,137,'S27','Seater',0),(3068,137,'S28','Window',0),(3069,137,'S29','Window',0),(3070,137,'S30','Seater',0),(3071,137,'S31','Seater',0),(3072,137,'S32','Window',0),(3073,137,'S33','Window',0),(3074,137,'S34','Seater',0),(3075,137,'S35','Seater',0),(3076,137,'S36','Window',0),(3077,137,'S37','Window',0),(3078,137,'S38','Seater',0),(3079,137,'S39','Seater',0),(3080,137,'S40','Window',0),(3081,137,'S41','Window',0),(3082,137,'S42','Seater',0),(3083,137,'S43','Seater',0),(3084,137,'S44','Window',0),(3085,137,'S45','Window',0),(3086,137,'S46','Seater',0),(3087,137,'S47','Seater',0),(3088,137,'S48','Window',0),(3089,137,'S49','Window',0),(3090,137,'S50','Seater',0),(3091,137,'S51','Seater',0),(3092,137,'S52','Window',0),(3093,138,'L1','Sleeper',0),(3094,138,'L2','Sleeper',0),(3095,138,'L3','Sleeper',0),(3096,138,'L4','Sleeper',0),(3097,138,'L5','Sleeper',0),(3098,138,'L6','Sleeper',0),(3099,138,'L7','Sleeper',0),(3100,138,'L8','Sleeper',0),(3101,138,'L9','Sleeper',0),(3102,138,'L10','Sleeper',0),(3103,138,'L11','Sleeper',0),(3104,138,'L12','Sleeper',0),(3105,138,'L13','Sleeper',0),(3106,138,'L14','Sleeper',0),(3107,138,'L15','Sleeper',0),(3108,138,'L16','Sleeper',0),(3109,138,'L17','Sleeper',0),(3110,138,'L18','Sleeper',0),(3111,138,'L19','Sleeper',0),(3112,138,'L20','Sleeper',0),(3113,138,'L21','Sleeper',0),(3114,138,'L22','Sleeper',0),(3115,138,'L23','Sleeper',0),(3116,138,'L24','Sleeper',0),(3117,138,'L25','Sleeper',0),(3118,138,'L26','Sleeper',0),(3119,138,'L27','Sleeper',0),(3120,138,'L28','Sleeper',0),(3121,138,'L29','Sleeper',0),(3122,138,'L30','Sleeper',0),(3123,138,'L31','Sleeper',0),(3124,138,'L32','Sleeper',0),(3125,138,'L33','Sleeper',0),(3126,138,'L34','Sleeper',0),(3127,138,'L35','Sleeper',0),(3128,138,'L36','Sleeper',0),(3129,138,'L37','Sleeper',0),(3130,138,'L38','Sleeper',0),(3131,138,'L39','Sleeper',0),(3132,138,'L40','Sleeper',0),(3133,138,'L41','Sleeper',0),(3134,138,'L42','Sleeper',0),(3135,139,'S1','Window',0),(3136,139,'S2','Seater',0),(3137,139,'S3','Seater',0),(3138,139,'S4','Window',0),(3139,139,'S5','Window',0),(3140,139,'S6','Seater',0),(3141,139,'S7','Seater',0),(3142,139,'S8','Window',0),(3143,139,'S9','Window',0),(3144,139,'S10','Seater',0),(3145,139,'S11','Seater',0),(3146,139,'S12','Window',0),(3147,139,'S13','Window',0),(3148,139,'S14','Seater',0),(3149,139,'S15','Seater',0),(3150,139,'S16','Window',0),(3151,139,'S17','Window',0),(3152,139,'S18','Seater',0),(3153,139,'S19','Seater',0),(3154,139,'S20','Window',0),(3155,139,'S21','Window',0),(3156,139,'S22','Seater',0),(3157,139,'S23','Seater',0),(3158,139,'S24','Window',0),(3159,139,'S25','Window',0),(3160,139,'S26','Seater',0),(3161,139,'S27','Seater',0),(3162,139,'S28','Window',0),(3163,139,'S29','Window',0),(3164,139,'S30','Seater',0),(3165,139,'S31','Seater',0),(3166,139,'S32','Window',0),(3167,139,'S33','Window',0),(3168,139,'S34','Seater',0),(3169,139,'S35','Seater',0),(3170,139,'S36','Window',0),(3171,139,'S37','Window',0),(3172,139,'S38','Seater',0),(3173,139,'S39','Seater',0),(3174,139,'S40','Window',0),(3175,139,'S41','Window',0),(3176,139,'S42','Seater',0),(3177,139,'S43','Seater',0),(3178,139,'S44','Window',0),(3179,139,'S45','Window',0),(3180,139,'S46','Seater',0),(3181,139,'S47','Seater',0),(3182,139,'S48','Window',0),(3183,139,'S49','Window',0),(3184,139,'S50','Seater',0),(3185,140,'S1','Window',0),(3186,140,'S2','Seater',0),(3187,140,'S3','Seater',0),(3188,140,'S4','Window',0),(3189,140,'S5','Window',0),(3190,140,'S6','Seater',0),(3191,140,'S7','Seater',0),(3192,140,'S8','Window',0),(3193,140,'S9','Window',0),(3194,140,'S10','Seater',0),(3195,140,'S11','Seater',0),(3196,140,'S12','Window',0),(3197,140,'S13','Window',0),(3198,140,'S14','Seater',0),(3199,140,'S15','Seater',0),(3200,140,'S16','Window',0),(3201,140,'S17','Window',0),(3202,140,'S18','Seater',0),(3203,140,'S19','Seater',0),(3204,140,'S20','Window',0),(3205,140,'S21','Window',0),(3206,140,'S22','Seater',0),(3207,140,'S23','Seater',0),(3208,140,'S24','Window',0),(3209,140,'S25','Window',0),(3210,140,'S26','Seater',0),(3211,140,'S27','Seater',0),(3212,140,'S28','Window',0),(3213,140,'S29','Window',0),(3214,140,'S30','Seater',0),(3215,140,'S31','Seater',0),(3216,140,'S32','Window',0),(3217,140,'S33','Window',0),(3218,140,'S34','Seater',0),(3219,140,'S35','Seater',0),(3220,140,'S36','Window',0),(3221,140,'S37','Window',0),(3222,140,'S38','Seater',0),(3223,140,'S39','Seater',0),(3224,140,'S40','Window',0),(3225,140,'S41','Window',0),(3226,140,'S42','Seater',0),(3227,140,'S43','Seater',0),(3228,140,'S44','Window',0),(3229,140,'S45','Window',0),(3230,140,'S46','Seater',0),(3231,140,'S47','Seater',0),(3232,140,'S48','Window',0),(3233,140,'S49','Window',0),(3234,140,'S50','Seater',0),(3235,140,'S51','Seater',0),(3236,141,'L1','Sleeper',0),(3237,141,'L2','Sleeper',0),(3238,141,'L3','Sleeper',0),(3239,141,'L4','Sleeper',0),(3240,141,'L5','Sleeper',0),(3241,141,'L6','Sleeper',0),(3242,141,'L7','Sleeper',0),(3243,141,'L8','Sleeper',0),(3244,141,'L9','Sleeper',0),(3245,141,'L10','Sleeper',0),(3246,141,'L11','Sleeper',0),(3247,141,'L12','Sleeper',0),(3248,141,'L13','Sleeper',0),(3249,141,'L14','Sleeper',0),(3250,141,'L15','Sleeper',0),(3251,141,'L16','Sleeper',0),(3252,141,'L17','Sleeper',0),(3253,141,'L18','Sleeper',0),(3254,141,'L19','Sleeper',0),(3255,141,'L20','Sleeper',0),(3256,141,'L21','Sleeper',0),(3257,141,'L22','Sleeper',0),(3258,141,'L23','Sleeper',0),(3259,141,'L24','Sleeper',0),(3260,141,'L25','Sleeper',0),(3261,141,'L26','Sleeper',0),(3262,141,'L27','Sleeper',0),(3263,141,'L28','Sleeper',0),(3264,141,'L29','Sleeper',0),(3265,141,'L30','Sleeper',0),(3266,141,'L31','Sleeper',0),(3267,141,'L32','Sleeper',0),(3268,141,'L33','Sleeper',0),(3269,141,'L34','Sleeper',0),(3270,141,'L35','Sleeper',0),(3271,141,'L36','Sleeper',0),(3272,141,'L37','Sleeper',0),(3273,141,'L38','Sleeper',0),(3274,141,'L39','Sleeper',0),(3275,141,'L40','Sleeper',0),(3276,142,'S1','Window',0),(3277,142,'S2','Seater',0),(3278,142,'S3','Seater',0),(3279,142,'S4','Window',0),(3280,142,'S5','Window',0),(3281,142,'S6','Seater',0),(3282,142,'S7','Seater',0),(3283,142,'S8','Window',0),(3284,142,'S9','Window',0),(3285,142,'S10','Seater',0),(3286,142,'S11','Seater',0),(3287,142,'S12','Window',0),(3288,142,'S13','Window',0),(3289,142,'S14','Seater',0),(3290,142,'S15','Seater',0),(3291,142,'S16','Window',0),(3292,142,'S17','Window',0),(3293,142,'S18','Seater',0),(3294,142,'S19','Seater',0),(3295,142,'S20','Window',0),(3296,142,'S21','Window',0),(3297,142,'S22','Seater',0),(3298,142,'S23','Seater',0),(3299,142,'S24','Window',0),(3300,142,'S25','Window',0),(3301,142,'S26','Seater',0),(3302,142,'S27','Seater',0),(3303,142,'S28','Window',0),(3304,142,'S29','Window',0),(3305,142,'S30','Seater',0),(3306,142,'S31','Seater',0),(3307,142,'S32','Window',0),(3308,142,'S33','Window',0),(3309,142,'S34','Seater',0),(3310,142,'S35','Seater',0),(3311,142,'S36','Window',0),(3312,142,'S37','Window',0),(3313,142,'S38','Seater',0),(3314,142,'S39','Seater',0),(3315,142,'S40','Window',0),(3316,142,'S41','Window',0),(3317,142,'S42','Seater',0),(3318,142,'S43','Seater',0),(3319,142,'S44','Window',0),(3320,142,'S45','Window',0),(3321,142,'S46','Seater',0),(3322,142,'S47','Seater',0),(3323,142,'S48','Window',0),(3324,142,'S49','Window',0),(3325,142,'S50','Seater',0),(3326,143,'L1','Sleeper',0),(3327,143,'L2','Sleeper',0),(3328,143,'L3','Sleeper',0),(3329,143,'L4','Sleeper',0),(3330,143,'L5','Sleeper',0),(3331,143,'L6','Sleeper',0),(3332,143,'L7','Sleeper',0),(3333,143,'L8','Sleeper',0),(3334,143,'L9','Sleeper',0),(3335,143,'L10','Sleeper',0),(3336,143,'L11','Sleeper',0),(3337,143,'L12','Sleeper',0),(3338,143,'L13','Sleeper',0),(3339,143,'L14','Sleeper',0),(3340,143,'L15','Sleeper',0),(3341,143,'L16','Sleeper',0),(3342,143,'L17','Sleeper',0),(3343,143,'L18','Sleeper',0),(3344,143,'L19','Sleeper',0),(3345,143,'L20','Sleeper',0),(3346,143,'L21','Sleeper',0),(3347,143,'L22','Sleeper',0),(3348,143,'L23','Sleeper',0),(3349,143,'L24','Sleeper',0),(3350,143,'L25','Sleeper',0),(3351,143,'L26','Sleeper',0),(3352,143,'L27','Sleeper',0),(3353,143,'L28','Sleeper',0),(3354,143,'L29','Sleeper',0),(3355,143,'L30','Sleeper',0),(3356,143,'L31','Sleeper',0),(3357,143,'L32','Sleeper',0),(3358,143,'L33','Sleeper',0),(3359,143,'L34','Sleeper',0),(3360,143,'L35','Sleeper',0),(3361,143,'L36','Sleeper',0),(3362,143,'L37','Sleeper',0),(3363,143,'L38','Sleeper',0),(3364,143,'L39','Sleeper',0),(3365,143,'L40','Sleeper',0),(3366,144,'S1','Window',0),(3367,144,'S2','Seater',0),(3368,144,'S3','Seater',0),(3369,144,'S4','Window',0),(3370,144,'S5','Window',0),(3371,144,'S6','Seater',0),(3372,144,'S7','Seater',0),(3373,144,'S8','Window',0),(3374,144,'S9','Window',0),(3375,144,'S10','Seater',0),(3376,144,'S11','Seater',0),(3377,144,'S12','Window',0),(3378,144,'S13','Window',0),(3379,144,'S14','Seater',0),(3380,144,'S15','Seater',0),(3381,144,'S16','Window',0),(3382,144,'S17','Window',0),(3383,144,'S18','Seater',0),(3384,144,'S19','Seater',0),(3385,144,'S20','Window',0),(3386,144,'S21','Window',0),(3387,144,'S22','Seater',0),(3388,144,'S23','Seater',0),(3389,144,'S24','Window',0),(3390,144,'S25','Window',0),(3391,144,'S26','Seater',0),(3392,144,'S27','Seater',0),(3393,144,'S28','Window',0),(3394,144,'S29','Window',0),(3395,144,'S30','Seater',0),(3396,144,'S31','Seater',0),(3397,144,'S32','Window',0),(3398,144,'S33','Window',0),(3399,144,'S34','Seater',0),(3400,144,'S35','Seater',0),(3401,144,'S36','Window',0),(3402,144,'S37','Window',0),(3403,144,'S38','Seater',0),(3404,144,'S39','Seater',0),(3405,144,'S40','Window',0),(3406,144,'S41','Window',0),(3407,144,'S42','Seater',0),(3408,144,'S43','Seater',0),(3409,144,'S44','Window',0),(3410,144,'S45','Window',0),(3411,144,'S46','Seater',0),(3412,144,'S47','Seater',0),(3413,144,'S48','Window',0),(3414,144,'S49','Window',0),(3415,144,'S50','Seater',0),(3416,144,'S51','Seater',0),(3417,144,'S52','Window',0),(3418,145,'L1','Sleeper',0),(3419,145,'L2','Sleeper',0),(3420,145,'L3','Sleeper',0),(3421,145,'L4','Sleeper',0),(3422,145,'L5','Sleeper',0),(3423,145,'L6','Sleeper',0),(3424,145,'L7','Sleeper',0),(3425,145,'L8','Sleeper',0),(3426,145,'L9','Sleeper',0),(3427,145,'L10','Sleeper',0),(3428,145,'L11','Sleeper',0),(3429,145,'L12','Sleeper',0),(3430,145,'L13','Sleeper',0),(3431,145,'L14','Sleeper',0),(3432,145,'L15','Sleeper',0),(3433,145,'L16','Sleeper',0),(3434,145,'L17','Sleeper',0),(3435,145,'L18','Sleeper',0),(3436,145,'L19','Sleeper',0),(3437,145,'L20','Sleeper',0),(3438,145,'L21','Sleeper',0),(3439,145,'L22','Sleeper',0),(3440,145,'L23','Sleeper',0),(3441,145,'L24','Sleeper',0),(3442,145,'L25','Sleeper',0),(3443,145,'L26','Sleeper',0),(3444,145,'L27','Sleeper',0),(3445,145,'L28','Sleeper',0),(3446,145,'L29','Sleeper',0),(3447,145,'L30','Sleeper',0),(3448,145,'L31','Sleeper',0),(3449,145,'L32','Sleeper',0),(3450,145,'L33','Sleeper',0),(3451,145,'L34','Sleeper',0),(3452,145,'L35','Sleeper',0),(3453,145,'L36','Sleeper',0),(3454,146,'S1','Window',0),(3455,146,'S2','Seater',0),(3456,146,'S3','Seater',0),(3457,146,'S4','Window',0),(3458,146,'S5','Window',0),(3459,146,'S6','Seater',0),(3460,146,'S7','Seater',0),(3461,146,'S8','Window',0),(3462,146,'S9','Window',0),(3463,146,'S10','Seater',0),(3464,146,'S11','Seater',0),(3465,146,'S12','Window',0),(3466,146,'S13','Window',0),(3467,146,'S14','Seater',0),(3468,146,'S15','Seater',0),(3469,146,'S16','Window',0),(3470,146,'S17','Window',0),(3471,146,'S18','Seater',0),(3472,146,'S19','Seater',0),(3473,146,'S20','Window',0),(3474,146,'S21','Window',0),(3475,146,'S22','Seater',0),(3476,146,'S23','Seater',0),(3477,146,'S24','Window',0),(3478,146,'S25','Window',0),(3479,146,'S26','Seater',0),(3480,146,'S27','Seater',0),(3481,146,'S28','Window',0),(3482,146,'S29','Window',0),(3483,146,'S30','Seater',0),(3484,146,'S31','Seater',0),(3485,146,'S32','Window',0),(3486,146,'S33','Window',0),(3487,146,'S34','Seater',0),(3488,146,'S35','Seater',0),(3489,146,'S36','Window',0),(3490,146,'S37','Window',0),(3491,146,'S38','Seater',0),(3492,146,'S39','Seater',0),(3493,146,'S40','Window',0),(3494,146,'S41','Window',0),(3495,146,'S42','Seater',0),(3496,146,'S43','Seater',0),(3497,146,'S44','Window',0),(3498,146,'S45','Window',0),(3499,146,'S46','Seater',0),(3500,146,'S47','Seater',0),(3501,146,'S48','Window',0),(3502,146,'S49','Window',0),(3503,146,'S50','Seater',0),(3504,146,'S51','Seater',0),(3505,146,'S52','Window',0),(3506,146,'S53','Window',0),(3507,146,'S54','Seater',0),(3508,146,'S55','Seater',0),(3509,147,'S1','Window',0),(3510,147,'S2','Seater',0),(3511,147,'S3','Seater',0),(3512,147,'S4','Window',0),(3513,147,'S5','Window',0),(3514,147,'S6','Seater',0),(3515,147,'S7','Seater',0),(3516,147,'S8','Window',0),(3517,147,'S9','Window',0),(3518,147,'S10','Seater',0),(3519,147,'S11','Seater',0),(3520,147,'S12','Window',0),(3521,147,'S13','Window',0),(3522,147,'S14','Seater',0),(3523,147,'S15','Seater',0),(3524,147,'S16','Window',0),(3525,147,'S17','Window',0),(3526,147,'S18','Seater',0),(3527,147,'S19','Seater',0),(3528,147,'S20','Window',0),(3529,147,'S21','Window',0),(3530,147,'S22','Seater',0),(3531,147,'S23','Seater',0),(3532,147,'S24','Window',0),(3533,147,'S25','Window',0),(3534,147,'S26','Seater',0),(3535,147,'S27','Seater',0),(3536,147,'S28','Window',0),(3537,147,'S29','Window',0),(3538,147,'S30','Seater',0),(3539,147,'S31','Seater',0),(3540,147,'S32','Window',0),(3541,147,'S33','Window',0),(3542,147,'S34','Seater',0),(3543,147,'S35','Seater',0),(3544,147,'S36','Window',0),(3545,147,'S37','Window',0),(3546,147,'S38','Seater',0),(3547,147,'S39','Seater',0),(3548,147,'S40','Window',0),(3549,147,'S41','Window',0),(3550,147,'S42','Seater',0),(3551,147,'S43','Seater',0),(3552,147,'S44','Window',0),(3553,147,'S45','Window',0),(3554,147,'S46','Seater',0),(3555,147,'S47','Seater',0),(3556,147,'S48','Window',0),(3557,148,'L1','Sleeper',0),(3558,148,'L2','Sleeper',0),(3559,148,'L3','Sleeper',0),(3560,148,'L4','Sleeper',0),(3561,148,'L5','Sleeper',0),(3562,148,'L6','Sleeper',0),(3563,148,'L7','Sleeper',0),(3564,148,'L8','Sleeper',0),(3565,148,'L9','Sleeper',0),(3566,148,'L10','Sleeper',0),(3567,148,'L11','Sleeper',0),(3568,148,'L12','Sleeper',0),(3569,148,'L13','Sleeper',0),(3570,148,'L14','Sleeper',0),(3571,148,'L15','Sleeper',0),(3572,148,'L16','Sleeper',0),(3573,148,'L17','Sleeper',0),(3574,148,'L18','Sleeper',0),(3575,148,'L19','Sleeper',0),(3576,148,'L20','Sleeper',0),(3577,148,'L21','Sleeper',0),(3578,148,'L22','Sleeper',0),(3579,148,'L23','Sleeper',0),(3580,148,'L24','Sleeper',0),(3581,148,'L25','Sleeper',0),(3582,148,'L26','Sleeper',0),(3583,148,'L27','Sleeper',0),(3584,148,'L28','Sleeper',0),(3585,148,'L29','Sleeper',0),(3586,148,'L30','Sleeper',0),(3587,148,'L31','Sleeper',0),(3588,148,'L32','Sleeper',0),(3589,148,'L33','Sleeper',0),(3590,148,'L34','Sleeper',0),(3591,148,'L35','Sleeper',0),(3592,148,'L36','Sleeper',0),(3593,148,'L37','Sleeper',0),(3594,148,'L38','Sleeper',0),(3595,148,'L39','Sleeper',0),(3596,148,'L40','Sleeper',0),(3597,148,'L41','Sleeper',0),(3598,148,'L42','Sleeper',0),(3599,149,'S1','Window',0),(3600,149,'S2','Seater',0),(3601,149,'S3','Seater',0),(3602,149,'S4','Window',0),(3603,149,'S5','Window',0),(3604,149,'S6','Seater',0),(3605,149,'S7','Seater',0),(3606,149,'S8','Window',0),(3607,149,'S9','Window',0),(3608,149,'S10','Seater',0),(3609,149,'S11','Seater',0),(3610,149,'S12','Window',0),(3611,149,'S13','Window',0),(3612,149,'S14','Seater',0),(3613,149,'S15','Seater',0),(3614,149,'S16','Window',0),(3615,149,'S17','Window',0),(3616,149,'S18','Seater',0),(3617,149,'S19','Seater',0),(3618,149,'S20','Window',0),(3619,149,'S21','Window',0),(3620,149,'S22','Seater',0),(3621,149,'S23','Seater',0),(3622,149,'S24','Window',0),(3623,149,'S25','Window',0),(3624,149,'S26','Seater',0),(3625,149,'S27','Seater',0),(3626,149,'S28','Window',0),(3627,149,'S29','Window',0),(3628,149,'S30','Seater',0),(3629,149,'S31','Seater',0),(3630,149,'S32','Window',0),(3631,149,'S33','Window',0),(3632,149,'S34','Seater',0),(3633,149,'S35','Seater',0),(3634,149,'S36','Window',0),(3635,149,'S37','Window',0),(3636,149,'S38','Seater',0),(3637,149,'S39','Seater',0),(3638,149,'S40','Window',0),(3639,149,'S41','Window',0),(3640,149,'S42','Seater',0),(3641,149,'S43','Seater',0),(3642,149,'S44','Window',0),(3643,149,'S45','Window',0),(3644,149,'S46','Seater',0),(3645,149,'S47','Seater',0),(3646,149,'S48','Window',0),(3647,149,'S49','Window',0),(3648,149,'S50','Seater',0),(3649,150,'S1','Window',0),(3650,150,'S2','Seater',0),(3651,150,'S3','Seater',0),(3652,150,'S4','Window',0),(3653,150,'S5','Window',0),(3654,150,'S6','Seater',0),(3655,150,'S7','Seater',0),(3656,150,'S8','Window',0),(3657,150,'S9','Window',0),(3658,150,'S10','Seater',0),(3659,150,'S11','Seater',0),(3660,150,'S12','Window',0),(3661,150,'S13','Window',0),(3662,150,'S14','Seater',0),(3663,150,'S15','Seater',0),(3664,150,'S16','Window',0),(3665,150,'S17','Window',0),(3666,150,'S18','Seater',0),(3667,150,'S19','Seater',0),(3668,150,'S20','Window',0),(3669,150,'S21','Window',0),(3670,150,'S22','Seater',0),(3671,150,'S23','Seater',0),(3672,150,'S24','Window',0),(3673,150,'S25','Window',0),(3674,150,'S26','Seater',0),(3675,150,'S27','Seater',0),(3676,150,'S28','Window',0),(3677,150,'S29','Window',0),(3678,150,'S30','Seater',0),(3679,150,'S31','Seater',0),(3680,150,'S32','Window',0),(3681,150,'S33','Window',0),(3682,150,'S34','Seater',0),(3683,150,'S35','Seater',0),(3684,150,'S36','Window',0),(3685,150,'S37','Window',0),(3686,150,'S38','Seater',0),(3687,150,'S39','Seater',0),(3688,150,'S40','Window',0),(3689,150,'S41','Window',0),(3690,150,'S42','Seater',0),(3691,150,'S43','Seater',0),(3692,150,'S44','Window',0),(3693,150,'S45','Window',0),(3694,150,'S46','Seater',0),(3695,150,'S47','Seater',0),(3696,150,'S48','Window',0),(3697,150,'S49','Window',0),(3698,151,'L1','Sleeper',0),(3699,151,'L2','Sleeper',0),(3700,151,'L3','Sleeper',0),(3701,151,'L4','Sleeper',0),(3702,151,'L5','Sleeper',0),(3703,151,'L6','Sleeper',0),(3704,151,'L7','Sleeper',0),(3705,151,'L8','Sleeper',0),(3706,151,'L9','Sleeper',0),(3707,151,'L10','Sleeper',0),(3708,151,'L11','Sleeper',0),(3709,151,'L12','Sleeper',0),(3710,151,'L13','Sleeper',0),(3711,151,'L14','Sleeper',0),(3712,151,'L15','Sleeper',0),(3713,151,'L16','Sleeper',0),(3714,151,'L17','Sleeper',0),(3715,151,'L18','Sleeper',0),(3716,151,'L19','Sleeper',0),(3717,151,'L20','Sleeper',0),(3718,151,'L21','Sleeper',0),(3719,151,'L22','Sleeper',0),(3720,151,'L23','Sleeper',0),(3721,151,'L24','Sleeper',0),(3722,151,'L25','Sleeper',0),(3723,151,'L26','Sleeper',0),(3724,151,'L27','Sleeper',0),(3725,151,'L28','Sleeper',0),(3726,151,'L29','Sleeper',0),(3727,151,'L30','Sleeper',0),(3728,151,'L31','Sleeper',0),(3729,151,'L32','Sleeper',0),(3730,151,'L33','Sleeper',0),(3731,151,'L34','Sleeper',0),(3732,151,'L35','Sleeper',0),(3733,151,'L36','Sleeper',0),(3734,151,'L37','Sleeper',0),(3735,151,'L38','Sleeper',0),(3736,151,'L39','Sleeper',0),(3737,151,'L40','Sleeper',0),(3738,152,'S1','Window',0),(3739,152,'S2','Seater',0),(3740,152,'S3','Seater',0),(3741,152,'S4','Window',0),(3742,152,'S5','Window',0),(3743,152,'S6','Seater',0),(3744,152,'S7','Seater',0),(3745,152,'S8','Window',0),(3746,152,'S9','Window',0),(3747,152,'S10','Seater',0),(3748,152,'S11','Seater',0),(3749,152,'S12','Window',0),(3750,152,'S13','Window',0),(3751,152,'S14','Seater',0),(3752,152,'S15','Seater',0),(3753,152,'S16','Window',0),(3754,152,'S17','Window',0),(3755,152,'S18','Seater',0),(3756,152,'S19','Seater',0),(3757,152,'S20','Window',0),(3758,152,'S21','Window',0),(3759,152,'S22','Seater',0),(3760,152,'S23','Seater',0),(3761,152,'S24','Window',0),(3762,152,'S25','Window',0),(3763,152,'S26','Seater',0),(3764,152,'S27','Seater',0),(3765,152,'S28','Window',0),(3766,152,'S29','Window',0),(3767,152,'S30','Seater',0),(3768,152,'S31','Seater',0),(3769,152,'S32','Window',0),(3770,152,'S33','Window',0),(3771,152,'S34','Seater',0),(3772,152,'S35','Seater',0),(3773,152,'S36','Window',0),(3774,152,'S37','Window',0),(3775,152,'S38','Seater',0),(3776,152,'S39','Seater',0),(3777,152,'S40','Window',0),(3778,152,'S41','Window',0),(3779,152,'S42','Seater',0),(3780,152,'S43','Seater',0),(3781,152,'S44','Window',0),(3782,152,'S45','Window',0),(3783,152,'S46','Seater',0),(3784,152,'S47','Seater',0),(3785,152,'S48','Window',0),(3786,152,'S49','Window',0),(3787,152,'S50','Seater',0),(3788,153,'L1','Sleeper',0),(3789,153,'L2','Sleeper',0),(3790,153,'L3','Sleeper',0),(3791,153,'L4','Sleeper',0),(3792,153,'L5','Sleeper',0),(3793,153,'L6','Sleeper',0),(3794,153,'L7','Sleeper',0),(3795,153,'L8','Sleeper',0),(3796,153,'L9','Sleeper',0),(3797,153,'L10','Sleeper',0),(3798,153,'L11','Sleeper',0),(3799,153,'L12','Sleeper',0),(3800,153,'L13','Sleeper',0),(3801,153,'L14','Sleeper',0),(3802,153,'L15','Sleeper',0),(3803,153,'L16','Sleeper',0),(3804,153,'L17','Sleeper',0),(3805,153,'L18','Sleeper',0),(3806,153,'L19','Sleeper',0),(3807,153,'L20','Sleeper',0),(3808,153,'L21','Sleeper',0),(3809,153,'L22','Sleeper',0),(3810,153,'L23','Sleeper',0),(3811,153,'L24','Sleeper',0),(3812,153,'L25','Sleeper',0),(3813,153,'L26','Sleeper',0),(3814,153,'L27','Sleeper',0),(3815,153,'L28','Sleeper',0),(3816,153,'L29','Sleeper',0),(3817,153,'L30','Sleeper',0),(3818,153,'L31','Sleeper',0),(3819,153,'L32','Sleeper',0),(3820,153,'L33','Sleeper',0),(3821,153,'L34','Sleeper',0),(3822,153,'L35','Sleeper',0),(3823,153,'L36','Sleeper',0),(3824,153,'L37','Sleeper',0),(3825,153,'L38','Sleeper',0),(3826,153,'L39','Sleeper',0),(3827,153,'L40','Sleeper',0),(3876,155,'L1','Sleeper',0),(3877,155,'L2','Sleeper',0),(3878,155,'L3','Sleeper',0),(3879,155,'L4','Sleeper',0),(3880,155,'L5','Sleeper',0),(3881,155,'L6','Sleeper',0),(3882,155,'L7','Sleeper',0),(3883,155,'L8','Sleeper',0),(3884,155,'L9','Sleeper',0),(3885,155,'L10','Sleeper',0),(3886,155,'L11','Sleeper',0),(3887,155,'L12','Sleeper',0),(3888,155,'L13','Sleeper',0),(3889,155,'L14','Sleeper',0),(3890,155,'L15','Sleeper',0),(3891,155,'L16','Sleeper',0),(3892,155,'L17','Sleeper',0),(3893,155,'L18','Sleeper',0),(3894,155,'L19','Sleeper',0),(3895,155,'L20','Sleeper',0),(3896,155,'L21','Sleeper',0),(3897,155,'L22','Sleeper',0),(3898,155,'L23','Sleeper',0),(3899,155,'L24','Sleeper',0),(3900,155,'L25','Sleeper',0),(3901,155,'L26','Sleeper',0),(3902,155,'L27','Sleeper',0),(3903,155,'L28','Sleeper',0),(3904,155,'L29','Sleeper',0),(3905,155,'L30','Sleeper',0),(3906,155,'L31','Sleeper',0),(3907,155,'L32','Sleeper',0),(3908,155,'L33','Sleeper',0),(3909,155,'L34','Sleeper',0),(3910,155,'L35','Sleeper',0),(3911,155,'L36','Sleeper',0),(3912,156,'S1','Window',0),(3913,156,'S2','Seater',0),(3914,156,'S3','Seater',0),(3915,156,'S4','Window',0),(3916,156,'S5','Window',0),(3917,156,'S6','Seater',0),(3918,156,'S7','Seater',0),(3919,156,'S8','Window',0),(3920,156,'S9','Window',0),(3921,156,'S10','Seater',0),(3922,156,'S11','Seater',0),(3923,156,'S12','Window',0),(3924,156,'S13','Window',0),(3925,156,'S14','Seater',0),(3926,156,'S15','Seater',0),(3927,156,'S16','Window',0),(3928,156,'S17','Window',0),(3929,156,'S18','Seater',0),(3930,156,'S19','Seater',0),(3931,156,'S20','Window',0),(3932,156,'S21','Window',0),(3933,156,'S22','Seater',0),(3934,156,'S23','Seater',0),(3935,156,'S24','Window',0),(3936,156,'S25','Window',0),(3937,156,'S26','Seater',0),(3938,156,'S27','Seater',0),(3939,156,'S28','Window',0),(3940,156,'S29','Window',0),(3941,156,'S30','Seater',0),(3942,156,'S31','Seater',0),(3943,156,'S32','Window',0),(3944,156,'S33','Window',0),(3945,156,'S34','Seater',0),(3946,156,'S35','Seater',0),(3947,156,'S36','Window',0),(3948,156,'S37','Window',0),(3949,156,'S38','Seater',0),(3950,156,'S39','Seater',0),(3951,156,'S40','Window',0),(3952,156,'S41','Window',0),(3953,156,'S42','Seater',0),(3954,156,'S43','Seater',0),(3955,156,'S44','Window',0),(3956,156,'S45','Window',0),(3957,156,'S46','Seater',0),(3958,156,'S47','Seater',0),(3959,156,'S48','Window',0),(3960,156,'S49','Window',0),(3961,156,'S50','Seater',0),(3962,156,'S51','Seater',0),(3963,156,'S52','Window',0),(3964,156,'S53','Window',0),(3965,156,'S54','Seater',0),(3966,156,'S55','Seater',0),(3967,157,'S1','Window',0),(3968,157,'S2','Seater',0),(3969,157,'S3','Seater',0),(3970,157,'S4','Window',0),(3971,157,'S5','Window',0),(3972,157,'S6','Seater',0),(3973,157,'S7','Seater',0),(3974,157,'S8','Window',0),(3975,157,'S9','Window',0),(3976,157,'S10','Seater',0),(3977,157,'S11','Seater',0),(3978,157,'S12','Window',0),(3979,157,'S13','Window',0),(3980,157,'S14','Seater',0),(3981,157,'S15','Seater',0),(3982,157,'S16','Window',0),(3983,157,'S17','Window',0),(3984,157,'S18','Seater',0),(3985,157,'S19','Seater',0),(3986,157,'S20','Window',0),(3987,157,'S21','Window',0),(3988,157,'S22','Seater',0),(3989,157,'S23','Seater',0),(3990,157,'S24','Window',0),(3991,157,'S25','Window',0),(3992,157,'S26','Seater',0),(3993,157,'S27','Seater',0),(3994,157,'S28','Window',0),(3995,157,'S29','Window',0),(3996,157,'S30','Seater',0),(3997,157,'S31','Seater',0),(3998,157,'S32','Window',0),(3999,157,'S33','Window',0),(4000,157,'S34','Seater',0),(4001,157,'S35','Seater',0),(4002,157,'S36','Window',0),(4003,157,'S37','Window',0),(4004,157,'S38','Seater',0),(4005,157,'S39','Seater',0),(4006,157,'S40','Window',0),(4007,157,'S41','Window',0),(4008,157,'S42','Seater',0),(4009,157,'S43','Seater',0),(4010,157,'S44','Window',0),(4011,157,'S45','Window',0),(4012,157,'S46','Seater',0),(4013,157,'S47','Seater',0),(4014,157,'S48','Window',0),(4015,157,'S49','Window',0),(4016,157,'S50','Seater',0),(4017,157,'S51','Seater',0),(4018,157,'S52','Window',0),(4019,158,'S1','Window',0),(4020,158,'S2','Seater',0),(4021,158,'S3','Seater',0),(4022,158,'S4','Window',0),(4023,158,'S5','Window',0),(4024,158,'S6','Seater',0),(4025,158,'S7','Seater',0),(4026,158,'S8','Window',0),(4027,158,'S9','Window',0),(4028,158,'S10','Seater',0),(4029,158,'S11','Seater',0),(4030,158,'S12','Window',0),(4031,158,'S13','Window',0),(4032,158,'S14','Seater',0),(4033,158,'S15','Seater',0),(4034,158,'S16','Window',0),(4035,158,'S17','Window',0),(4036,158,'S18','Seater',0),(4037,158,'S19','Seater',0),(4038,158,'S20','Window',0),(4039,158,'S21','Window',0),(4040,158,'S22','Seater',0),(4041,158,'S23','Seater',0),(4042,158,'S24','Window',0),(4043,158,'S25','Window',0),(4044,158,'S26','Seater',0),(4045,158,'S27','Seater',0),(4046,158,'S28','Window',0),(4047,158,'S29','Window',0),(4048,158,'S30','Seater',0),(4049,158,'S31','Seater',0),(4050,158,'S32','Window',0),(4051,158,'S33','Window',0),(4052,158,'S34','Seater',0),(4053,158,'S35','Seater',0),(4054,158,'S36','Window',0),(4055,158,'S37','Window',0),(4056,158,'S38','Seater',0),(4057,158,'S39','Seater',0),(4058,158,'S40','Window',0),(4059,158,'S41','Window',0),(4060,158,'S42','Seater',0),(4061,158,'S43','Seater',0),(4062,158,'S44','Window',0),(4063,158,'S45','Window',0),(4064,158,'S46','Seater',0),(4065,158,'S47','Seater',0),(4066,158,'S48','Window',0),(4067,158,'S49','Window',0),(4068,158,'S50','Seater',0),(4069,159,'L1','Sleeper',0),(4070,159,'L2','Sleeper',0),(4071,159,'L3','Sleeper',0),(4072,159,'L4','Sleeper',0),(4073,159,'L5','Sleeper',0),(4074,159,'L6','Sleeper',0),(4075,159,'L7','Sleeper',0),(4076,159,'L8','Sleeper',0),(4077,159,'L9','Sleeper',0),(4078,159,'L10','Sleeper',0),(4079,159,'L11','Sleeper',0),(4080,159,'L12','Sleeper',0),(4081,159,'L13','Sleeper',0),(4082,159,'L14','Sleeper',0),(4083,159,'L15','Sleeper',0),(4084,159,'L16','Sleeper',0),(4085,159,'L17','Sleeper',0),(4086,159,'L18','Sleeper',0),(4087,159,'L19','Sleeper',0),(4088,159,'L20','Sleeper',0),(4089,159,'L21','Sleeper',0),(4090,159,'L22','Sleeper',0),(4091,159,'L23','Sleeper',0),(4092,159,'L24','Sleeper',0),(4093,159,'L25','Sleeper',0),(4094,159,'L26','Sleeper',0),(4095,159,'L27','Sleeper',0),(4096,159,'L28','Sleeper',0),(4097,159,'L29','Sleeper',0),(4098,159,'L30','Sleeper',0),(4099,159,'L31','Sleeper',0),(4100,159,'L32','Sleeper',0),(4101,159,'L33','Sleeper',0),(4102,159,'L34','Sleeper',0),(4103,159,'L35','Sleeper',0),(4104,159,'L36','Sleeper',0),(4105,159,'L37','Sleeper',0),(4106,159,'L38','Sleeper',0),(4107,159,'L39','Sleeper',0),(4108,159,'L40','Sleeper',0),(4109,159,'L41','Sleeper',0),(4110,159,'L42','Sleeper',0),(4111,160,'S1','Window',0),(4112,160,'S2','Seater',0),(4113,160,'S3','Seater',0),(4114,160,'S4','Window',0),(4115,160,'S5','Window',0),(4116,160,'S6','Seater',0),(4117,160,'S7','Seater',0),(4118,160,'S8','Window',0),(4119,160,'S9','Window',0),(4120,160,'S10','Seater',0),(4121,160,'S11','Seater',0),(4122,160,'S12','Window',0),(4123,160,'S13','Window',0),(4124,160,'S14','Seater',0),(4125,160,'S15','Seater',0),(4126,160,'S16','Window',0),(4127,160,'S17','Window',0),(4128,160,'S18','Seater',0),(4129,160,'S19','Seater',0),(4130,160,'S20','Window',0),(4131,160,'S21','Window',0),(4132,160,'S22','Seater',0),(4133,160,'S23','Seater',0),(4134,160,'S24','Window',0),(4135,160,'S25','Window',0),(4136,160,'S26','Seater',0),(4137,160,'S27','Seater',0),(4138,160,'S28','Window',0),(4139,160,'S29','Window',0),(4140,160,'S30','Seater',0),(4141,160,'S31','Seater',0),(4142,160,'S32','Window',0),(4143,160,'S33','Window',0),(4144,160,'S34','Seater',0),(4145,160,'S35','Seater',0),(4146,160,'S36','Window',0),(4147,160,'S37','Window',0),(4148,160,'S38','Seater',0),(4149,160,'S39','Seater',0),(4150,160,'S40','Window',0),(4151,160,'S41','Window',0),(4152,160,'S42','Seater',0),(4153,160,'S43','Seater',0),(4154,160,'S44','Window',0),(4155,160,'S45','Window',0),(4156,160,'S46','Seater',0),(4157,160,'S47','Seater',0),(4158,160,'S48','Window',0),(4159,160,'S49','Window',0),(4160,160,'S50','Seater',0),(4161,160,'S51','Seater',0),(4162,161,'S1','Window',0),(4163,161,'S2','Seater',0),(4164,161,'S3','Seater',0),(4165,161,'S4','Window',0),(4166,161,'S5','Window',0),(4167,161,'S6','Seater',0),(4168,161,'S7','Seater',0),(4169,161,'S8','Window',0),(4170,161,'S9','Window',0),(4171,161,'S10','Seater',0),(4172,161,'S11','Seater',0),(4173,161,'S12','Window',0),(4174,161,'S13','Window',0),(4175,161,'S14','Seater',0),(4176,161,'S15','Seater',0),(4177,161,'S16','Window',0),(4178,161,'S17','Window',0),(4179,161,'S18','Seater',0),(4180,161,'S19','Seater',0),(4181,161,'S20','Window',0),(4182,161,'S21','Window',0),(4183,161,'S22','Seater',0),(4184,161,'S23','Seater',0),(4185,161,'S24','Window',0),(4186,161,'S25','Window',0),(4187,161,'S26','Seater',0),(4188,161,'S27','Seater',0),(4189,161,'S28','Window',0),(4190,161,'S29','Window',0),(4191,161,'S30','Seater',0),(4192,161,'S31','Seater',0),(4193,161,'S32','Window',0),(4194,161,'S33','Window',0),(4195,161,'S34','Seater',0),(4196,161,'S35','Seater',0),(4197,161,'S36','Window',0),(4198,161,'S37','Window',0),(4199,161,'S38','Seater',0),(4200,161,'S39','Seater',0),(4201,161,'S40','Window',0),(4202,161,'S41','Window',0),(4203,161,'S42','Seater',0),(4204,161,'S43','Seater',0),(4205,161,'S44','Window',0),(4206,161,'S45','Window',0),(4207,161,'S46','Seater',0),(4208,161,'S47','Seater',0),(4209,161,'S48','Window',0),(4210,161,'S49','Window',0),(4211,162,'L1','Sleeper',0),(4212,162,'L2','Sleeper',0),(4213,162,'L3','Sleeper',0),(4214,162,'L4','Sleeper',0),(4215,162,'L5','Sleeper',0),(4216,162,'L6','Sleeper',0),(4217,162,'L7','Sleeper',0),(4218,162,'L8','Sleeper',0),(4219,162,'L9','Sleeper',0),(4220,162,'L10','Sleeper',0),(4221,162,'L11','Sleeper',0),(4222,162,'L12','Sleeper',0),(4223,162,'L13','Sleeper',0),(4224,162,'L14','Sleeper',0),(4225,162,'L15','Sleeper',0),(4226,162,'L16','Sleeper',0),(4227,162,'L17','Sleeper',0),(4228,162,'L18','Sleeper',0),(4229,162,'L19','Sleeper',0),(4230,162,'L20','Sleeper',0),(4231,162,'L21','Sleeper',0),(4232,162,'L22','Sleeper',0),(4233,162,'L23','Sleeper',0),(4234,162,'L24','Sleeper',0),(4235,162,'L25','Sleeper',0),(4236,162,'L26','Sleeper',0),(4237,162,'L27','Sleeper',0),(4238,162,'L28','Sleeper',0),(4239,162,'L29','Sleeper',0),(4240,162,'L30','Sleeper',0),(4241,162,'L31','Sleeper',0),(4242,162,'L32','Sleeper',0),(4243,162,'L33','Sleeper',0),(4244,162,'L34','Sleeper',0),(4245,162,'L35','Sleeper',0),(4246,162,'L36','Sleeper',0),(4247,162,'L37','Sleeper',0),(4248,162,'L38','Sleeper',0),(4249,162,'L39','Sleeper',0),(4250,162,'L40','Sleeper',0),(4251,163,'S1','Window',0),(4252,163,'S2','Seater',0),(4253,163,'S3','Seater',0),(4254,163,'S4','Window',0),(4255,163,'S5','Window',0),(4256,163,'S6','Seater',0),(4257,163,'S7','Seater',0),(4258,163,'S8','Window',0),(4259,163,'S9','Window',0),(4260,163,'S10','Seater',0),(4261,163,'S11','Seater',0),(4262,163,'S12','Window',0),(4263,163,'S13','Window',0),(4264,163,'S14','Seater',0),(4265,163,'S15','Seater',0),(4266,163,'S16','Window',0),(4267,163,'S17','Window',0),(4268,163,'S18','Seater',0),(4269,163,'S19','Seater',0),(4270,163,'S20','Window',0),(4271,163,'S21','Window',0),(4272,163,'S22','Seater',0),(4273,163,'S23','Seater',0),(4274,163,'S24','Window',0),(4275,163,'S25','Window',0),(4276,163,'S26','Seater',0),(4277,163,'S27','Seater',0),(4278,163,'S28','Window',0),(4279,163,'S29','Window',0),(4280,163,'S30','Seater',0),(4281,163,'S31','Seater',0),(4282,163,'S32','Window',0),(4283,163,'S33','Window',0),(4284,163,'S34','Seater',0),(4285,163,'S35','Seater',0),(4286,163,'S36','Window',0),(4287,163,'S37','Window',0),(4288,163,'S38','Seater',0),(4289,163,'S39','Seater',0),(4290,163,'S40','Window',0),(4291,163,'S41','Window',0),(4292,163,'S42','Seater',0),(4293,163,'S43','Seater',0),(4294,163,'S44','Window',0),(4295,163,'S45','Window',0),(4296,163,'S46','Seater',0),(4297,163,'S47','Seater',0),(4298,163,'S48','Window',0),(4299,163,'S49','Window',0),(4300,163,'S50','Seater',0),(4301,164,'S1','Window',0),(4302,164,'S2','Seater',0),(4303,164,'S3','Seater',0),(4304,164,'S4','Window',0),(4305,164,'S5','Window',0),(4306,164,'S6','Seater',0),(4307,164,'S7','Seater',0),(4308,164,'S8','Window',0),(4309,164,'S9','Window',0),(4310,164,'S10','Seater',0),(4311,164,'S11','Seater',0),(4312,164,'S12','Window',0),(4313,164,'S13','Window',0),(4314,164,'S14','Seater',0),(4315,164,'S15','Seater',0),(4316,164,'S16','Window',0),(4317,164,'S17','Window',0),(4318,164,'S18','Seater',0),(4319,164,'S19','Seater',0),(4320,164,'S20','Window',0),(4321,164,'S21','Window',0),(4322,164,'S22','Seater',0),(4323,164,'S23','Seater',0),(4324,164,'S24','Window',0),(4325,164,'S25','Window',0),(4326,164,'S26','Seater',0),(4327,164,'S27','Seater',0),(4328,164,'S28','Window',0),(4329,164,'S29','Window',0),(4330,164,'S30','Seater',0),(4331,164,'S31','Seater',0),(4332,164,'S32','Window',0),(4333,164,'S33','Window',0),(4334,164,'S34','Seater',0),(4335,164,'S35','Seater',0),(4336,164,'S36','Window',0),(4337,164,'S37','Window',0),(4338,164,'S38','Seater',0),(4339,164,'S39','Seater',0),(4340,164,'S40','Window',0),(4341,164,'S41','Window',0),(4342,164,'S42','Seater',0),(4343,164,'S43','Seater',0),(4344,164,'S44','Window',0),(4345,164,'S45','Window',0),(4346,164,'S46','Seater',0),(4347,164,'S47','Seater',0),(4348,164,'S48','Window',0),(4349,165,'L1','Sleeper',0),(4350,165,'L2','Sleeper',0),(4351,165,'L3','Sleeper',0),(4352,165,'L4','Sleeper',0),(4353,165,'L5','Sleeper',0),(4354,165,'L6','Sleeper',0),(4355,165,'L7','Sleeper',0),(4356,165,'L8','Sleeper',0),(4357,165,'L9','Sleeper',0),(4358,165,'L10','Sleeper',0),(4359,165,'L11','Sleeper',0),(4360,165,'L12','Sleeper',0),(4361,165,'L13','Sleeper',0),(4362,165,'L14','Sleeper',0),(4363,165,'L15','Sleeper',0),(4364,165,'L16','Sleeper',0),(4365,165,'L17','Sleeper',0),(4366,165,'L18','Sleeper',0),(4367,165,'L19','Sleeper',0),(4368,165,'L20','Sleeper',0),(4369,165,'L21','Sleeper',0),(4370,165,'L22','Sleeper',0),(4371,165,'L23','Sleeper',0),(4372,165,'L24','Sleeper',0),(4373,165,'L25','Sleeper',0),(4374,165,'L26','Sleeper',0),(4375,165,'L27','Sleeper',0),(4376,165,'L28','Sleeper',0),(4377,165,'L29','Sleeper',0),(4378,165,'L30','Sleeper',0),(4379,165,'L31','Sleeper',0),(4380,165,'L32','Sleeper',0),(4381,165,'L33','Sleeper',0),(4382,165,'L34','Sleeper',0),(4383,165,'L35','Sleeper',0),(4384,165,'L36','Sleeper',0),(4385,166,'S1','Window',0),(4386,166,'S2','Seater',0),(4387,166,'S3','Seater',0),(4388,166,'S4','Window',0),(4389,166,'S5','Window',0),(4390,166,'S6','Seater',0),(4391,166,'S7','Seater',0),(4392,166,'S8','Window',0),(4393,166,'S9','Window',0),(4394,166,'S10','Seater',0),(4395,166,'S11','Seater',0),(4396,166,'S12','Window',0),(4397,166,'S13','Window',0),(4398,166,'S14','Seater',0),(4399,166,'S15','Seater',0),(4400,166,'S16','Window',0),(4401,166,'S17','Window',0),(4402,166,'S18','Seater',0),(4403,166,'S19','Seater',0),(4404,166,'S20','Window',0),(4405,166,'S21','Window',0),(4406,166,'S22','Seater',0),(4407,166,'S23','Seater',0),(4408,166,'S24','Window',0),(4409,166,'S25','Window',0),(4410,166,'S26','Seater',0),(4411,166,'S27','Seater',0),(4412,166,'S28','Window',0),(4413,166,'S29','Window',0),(4414,166,'S30','Seater',0),(4415,166,'S31','Seater',0),(4416,166,'S32','Window',0),(4417,166,'S33','Window',0),(4418,166,'S34','Seater',0),(4419,166,'S35','Seater',0),(4420,166,'S36','Window',0),(4421,166,'S37','Window',0),(4422,166,'S38','Seater',0),(4423,166,'S39','Seater',0),(4424,166,'S40','Window',0),(4425,166,'S41','Window',0),(4426,166,'S42','Seater',0),(4427,166,'S43','Seater',0),(4428,166,'S44','Window',0),(4429,166,'S45','Window',0),(4430,166,'S46','Seater',0),(4431,166,'S47','Seater',0),(4432,166,'S48','Window',0),(4433,166,'S49','Window',0),(4434,166,'S50','Seater',0),(4435,166,'S51','Seater',0),(4436,166,'S52','Window',0),(4437,166,'S53','Window',0),(4438,166,'S54','Seater',0),(4439,166,'S55','Seater',0),(4440,167,'S1','Window',0),(4441,167,'S2','Seater',0),(4442,167,'S3','Seater',0),(4443,167,'S4','Window',0),(4444,167,'S5','Window',0),(4445,167,'S6','Seater',0),(4446,167,'S7','Seater',0),(4447,167,'S8','Window',0),(4448,167,'S9','Window',0),(4449,167,'S10','Seater',0),(4450,167,'S11','Seater',0),(4451,167,'S12','Window',0),(4452,167,'S13','Window',0),(4453,167,'S14','Seater',0),(4454,167,'S15','Seater',0),(4455,167,'S16','Window',0),(4456,167,'S17','Window',0),(4457,167,'S18','Seater',0),(4458,167,'S19','Seater',0),(4459,167,'S20','Window',0),(4460,167,'S21','Window',0),(4461,167,'S22','Seater',0),(4462,167,'S23','Seater',0),(4463,167,'S24','Window',0),(4464,167,'S25','Window',0),(4465,167,'S26','Seater',0),(4466,167,'S27','Seater',0),(4467,167,'S28','Window',0),(4468,167,'S29','Window',0),(4469,167,'S30','Seater',0),(4470,167,'S31','Seater',0),(4471,167,'S32','Window',0),(4472,167,'S33','Window',0),(4473,167,'S34','Seater',0),(4474,167,'S35','Seater',0),(4475,167,'S36','Window',0),(4476,167,'S37','Window',0),(4477,167,'S38','Seater',0),(4478,167,'S39','Seater',0),(4479,167,'S40','Window',0),(4480,167,'S41','Window',0),(4481,167,'S42','Seater',0),(4482,167,'S43','Seater',0),(4483,167,'S44','Window',0),(4484,167,'S45','Window',0),(4485,167,'S46','Seater',0),(4486,167,'S47','Seater',0),(4487,167,'S48','Window',0),(4488,167,'S49','Window',0),(4489,167,'S50','Seater',0),(4490,167,'S51','Seater',0),(4491,167,'S52','Window',0),(4492,168,'S1','Window',0),(4493,168,'S2','Seater',0),(4494,168,'S3','Seater',0),(4495,168,'S4','Window',0),(4496,168,'S5','Window',0),(4497,168,'S6','Seater',0),(4498,168,'S7','Seater',0),(4499,168,'S8','Window',0),(4500,168,'S9','Window',0),(4501,168,'S10','Seater',0),(4502,168,'S11','Seater',0),(4503,168,'S12','Window',0),(4504,168,'S13','Window',0),(4505,168,'S14','Seater',0),(4506,168,'S15','Seater',0),(4507,168,'S16','Window',0),(4508,168,'S17','Window',0),(4509,168,'S18','Seater',0),(4510,168,'S19','Seater',0),(4511,168,'S20','Window',0),(4512,168,'S21','Window',0),(4513,168,'S22','Seater',0),(4514,168,'S23','Seater',0),(4515,168,'S24','Window',0),(4516,168,'S25','Window',0),(4517,168,'S26','Seater',0),(4518,168,'S27','Seater',0),(4519,168,'S28','Window',0),(4520,168,'S29','Window',0),(4521,168,'S30','Seater',0),(4522,168,'S31','Seater',0),(4523,168,'S32','Window',0),(4524,168,'S33','Window',0),(4525,168,'S34','Seater',0),(4526,168,'S35','Seater',0),(4527,168,'S36','Window',0),(4528,168,'S37','Window',0),(4529,168,'S38','Seater',0),(4530,168,'S39','Seater',0),(4531,168,'S40','Window',0),(4532,168,'S41','Window',0),(4533,168,'S42','Seater',0),(4534,168,'S43','Seater',0),(4535,168,'S44','Window',0),(4536,168,'S45','Window',0),(4537,168,'S46','Seater',0),(4538,168,'S47','Seater',0),(4539,168,'S48','Window',0),(4540,168,'S49','Window',0),(4541,168,'S50','Seater',0),(4542,169,'L1','Sleeper',0),(4543,169,'L2','Sleeper',0),(4544,169,'L3','Sleeper',0),(4545,169,'L4','Sleeper',0),(4546,169,'L5','Sleeper',0),(4547,169,'L6','Sleeper',0),(4548,169,'L7','Sleeper',0),(4549,169,'L8','Sleeper',0),(4550,169,'L9','Sleeper',0),(4551,169,'L10','Sleeper',0),(4552,169,'L11','Sleeper',0),(4553,169,'L12','Sleeper',0),(4554,169,'L13','Sleeper',0),(4555,169,'L14','Sleeper',0),(4556,169,'L15','Sleeper',0),(4557,169,'L16','Sleeper',0),(4558,169,'L17','Sleeper',0),(4559,169,'L18','Sleeper',0),(4560,169,'L19','Sleeper',0),(4561,169,'L20','Sleeper',0),(4562,169,'L21','Sleeper',0),(4563,169,'L22','Sleeper',0),(4564,169,'L23','Sleeper',0),(4565,169,'L24','Sleeper',0),(4566,169,'L25','Sleeper',0),(4567,169,'L26','Sleeper',0),(4568,169,'L27','Sleeper',0),(4569,169,'L28','Sleeper',0),(4570,169,'L29','Sleeper',0),(4571,169,'L30','Sleeper',0),(4572,169,'L31','Sleeper',0),(4573,169,'L32','Sleeper',0),(4574,169,'L33','Sleeper',0),(4575,169,'L34','Sleeper',0),(4576,169,'L35','Sleeper',0),(4577,169,'L36','Sleeper',0),(4578,169,'L37','Sleeper',0),(4579,169,'L38','Sleeper',0),(4580,169,'L39','Sleeper',0),(4581,169,'L40','Sleeper',0),(4582,169,'L41','Sleeper',0),(4583,169,'L42','Sleeper',0),(4584,170,'S1','Window',0),(4585,170,'S2','Seater',0),(4586,170,'S3','Seater',0),(4587,170,'S4','Window',0),(4588,170,'S5','Window',0),(4589,170,'S6','Seater',0),(4590,170,'S7','Seater',0),(4591,170,'S8','Window',0),(4592,170,'S9','Window',0),(4593,170,'S10','Seater',0),(4594,170,'S11','Seater',0),(4595,170,'S12','Window',0),(4596,170,'S13','Window',0),(4597,170,'S14','Seater',0),(4598,170,'S15','Seater',0),(4599,170,'S16','Window',0),(4600,170,'S17','Window',0),(4601,170,'S18','Seater',0),(4602,170,'S19','Seater',0),(4603,170,'S20','Window',0),(4604,170,'S21','Window',0),(4605,170,'S22','Seater',0),(4606,170,'S23','Seater',0),(4607,170,'S24','Window',0),(4608,170,'S25','Window',0),(4609,170,'S26','Seater',0),(4610,170,'S27','Seater',0),(4611,170,'S28','Window',0),(4612,170,'S29','Window',0),(4613,170,'S30','Seater',0),(4614,170,'S31','Seater',0),(4615,170,'S32','Window',0),(4616,170,'S33','Window',0),(4617,170,'S34','Seater',0),(4618,170,'S35','Seater',0),(4619,170,'S36','Window',0),(4620,170,'S37','Window',0),(4621,170,'S38','Seater',0),(4622,170,'S39','Seater',0),(4623,170,'S40','Window',0),(4624,170,'S41','Window',0),(4625,170,'S42','Seater',0),(4626,170,'S43','Seater',0),(4627,170,'S44','Window',0),(4628,170,'S45','Window',0),(4629,170,'S46','Seater',0),(4630,170,'S47','Seater',0),(4631,170,'S48','Window',0),(4632,170,'S49','Window',0),(4633,170,'S50','Seater',0),(4634,170,'S51','Seater',0),(4635,171,'S1','Window',0),(4636,171,'S2','Seater',0),(4637,171,'S3','Seater',0),(4638,171,'S4','Window',0),(4639,171,'S5','Window',0),(4640,171,'S6','Seater',0),(4641,171,'S7','Seater',0),(4642,171,'S8','Window',0),(4643,171,'S9','Window',0),(4644,171,'S10','Seater',0),(4645,171,'S11','Seater',0),(4646,171,'S12','Window',0),(4647,171,'S13','Window',0),(4648,171,'S14','Seater',0),(4649,171,'S15','Seater',0),(4650,171,'S16','Window',0),(4651,171,'S17','Window',0),(4652,171,'S18','Seater',0),(4653,171,'S19','Seater',0),(4654,171,'S20','Window',0),(4655,171,'S21','Window',0),(4656,171,'S22','Seater',0),(4657,171,'S23','Seater',0),(4658,171,'S24','Window',0),(4659,171,'S25','Window',0),(4660,171,'S26','Seater',0),(4661,171,'S27','Seater',0),(4662,171,'S28','Window',0),(4663,171,'S29','Window',0),(4664,171,'S30','Seater',0),(4665,171,'S31','Seater',0),(4666,171,'S32','Window',0),(4667,171,'S33','Window',0),(4668,171,'S34','Seater',0),(4669,171,'S35','Seater',0),(4670,171,'S36','Window',0),(4671,171,'S37','Window',0),(4672,171,'S38','Seater',0),(4673,171,'S39','Seater',0),(4674,171,'S40','Window',0),(4675,171,'S41','Window',0),(4676,171,'S42','Seater',0),(4677,171,'S43','Seater',0),(4678,171,'S44','Window',0),(4679,171,'S45','Window',0),(4680,171,'S46','Seater',0),(4681,171,'S47','Seater',0),(4682,171,'S48','Window',0),(4683,171,'S49','Window',0),(8192,72,'A29','Sleeper',1),(8193,84,'A29,A30','Sleeper',1);
/*!40000 ALTER TABLE `seats` ENABLE KEYS */;
UNLOCK TABLES;

--
-- Table structure for table `users`
--

DROP TABLE IF EXISTS `users`;
/*!40101 SET @saved_cs_client     = @@character_set_client */;
/*!50503 SET character_set_client = utf8mb4 */;
CREATE TABLE `users` (
  `user_id` int NOT NULL AUTO_INCREMENT,
  `full_name` varchar(100) NOT NULL,
  `email` varchar(100) NOT NULL,
  `password` varchar(255) NOT NULL,
  `phone` varchar(20) NOT NULL,
  `gender` enum('Male','Female','Other') DEFAULT 'Other',
  `dob` date DEFAULT NULL,
  `created_at` timestamp NULL DEFAULT CURRENT_TIMESTAMP,
  PRIMARY KEY (`user_id`),
  UNIQUE KEY `email` (`email`)
) ENGINE=InnoDB AUTO_INCREMENT=7 DEFAULT CHARSET=utf8mb4 COLLATE=utf8mb4_0900_ai_ci;
/*!40101 SET character_set_client = @saved_cs_client */;

--
-- Dumping data for table `users`
--

LOCK TABLES `users` WRITE;
/*!40000 ALTER TABLE `users` DISABLE KEYS */;
INSERT INTO `users` VALUES (1,'Praveen reddy','praveen@gmail.com','praveen222','7876753421','Male','2019-01-01','2025-08-28 17:07:22'),(2,'Naveen','naveen@gmail.com','Naveen@123','9347909519','Male','2006-01-04','2025-08-28 17:39:20'),(3,'praveen','g@e','123','9989814521','Male','2025-08-07','2025-08-29 10:28:33'),(4,'david','david@gmail.com','12345','8754376345','Male','2001-01-01','2025-09-01 05:53:26'),(6,'laxman','laxman@gmail.com','123','8943234523','Male','2003-02-28','2025-09-01 07:11:03');
/*!40000 ALTER TABLE `users` ENABLE KEYS */;
UNLOCK TABLES;

--
-- Dumping events for database 'bus_booking_system'
--
/*!40103 SET TIME_ZONE=@OLD_TIME_ZONE */;

/*!40101 SET SQL_MODE=@OLD_SQL_MODE */;
/*!40014 SET FOREIGN_KEY_CHECKS=@OLD_FOREIGN_KEY_CHECKS */;
/*!40014 SET UNIQUE_CHECKS=@OLD_UNIQUE_CHECKS */;
/*!40101 SET CHARACTER_SET_CLIENT=@OLD_CHARACTER_SET_CLIENT */;
/*!40101 SET CHARACTER_SET_RESULTS=@OLD_CHARACTER_SET_RESULTS */;
/*!40101 SET COLLATION_CONNECTION=@OLD_COLLATION_CONNECTION */;
/*!40111 SET SQL_NOTES=@OLD_SQL_NOTES */;

-- Dump completed on 2025-09-01 13:17:38
